identifier,subject_topical 1 1,subject_topical 1 2,subject_topical 1 3,subject_topical 1 4,subject_topical 1 5,subject_topical 1 6,subject_topical 1 7,subject_topical 1 8,subject_topical 19,subject_topical 20,subject_topical 21,subject_topical 1 22,subject_topical 1 23,subject_topical 1 24,subject_topical 1 9,subject_topical 1 10,subject_geographic 1 1,subject_geographic 1 2,subject_geographic 1 3,subject_geographic 1 4,subject_geographic 1 5,subject_geographic 2 1,subject_geographic 2 2,subject_geographic 2 3,subject_geographic 2 4,subject_geographic 2 5,subject_geographic 2 6,subject_geographic 2 7,subject_geographic 2 8,subject_geographic 2 9,subject_geographic 2 10,subject_geographic 2 11,subject_geographic 2 12,subject_geographic 2 13,subject_geographic 2 14,corporate name 1,corporate_name 2,corporate_name 3,corporate_name 4,corporate-name 5,corporate_name 6,object_in_context,item_type,form,date_text,date_single,date_end,date_qualifier,note,title,name,role,title2,creator 2,role 2,title3,creator 3,role 3,title4,creator 4,role 4,title 5,creator 5,role 5,Title 6,creator 6,role 6,title 7,creator 7,role 7,title 8,creator 8,role 8,title 9,creator 9,role 9,title 10,creator 10,role 10,title 11,creator 11,role 11,title 12,creator 12,role 12,title 13,creator 13,role 13,title 14,creator 14,role 14,title 15,creator 15,role 15,title 16,creator 16,role 16,title 17,creator 17,role 17,title 18,creator 18,role 18,title 19,creator 19,role 19,title 20,creator 20,role 20,title 21,creator 21,role 21,title 22,creator 22,role 22,title 23,creator 23,role 23,title 24,creator 24,role 24,title 25,creator 25,role 25,title 26,creator 26,role 26,title 27,creator 27,role 27,abstract,rights,repository,collection,collection_identifier,record_source,file_url,record_creation_date
0012_003602_000215,39CA4,39SL4, , ,,,,,,,,,,,Excavations (Archaeology),Indians of North America, ,Sully Site (S.D.),,,,Sully County (S.D.),,,,,,,,,,,,,,Kansas State University,,,,,,http://digital.lib.utk.edu/mpds/?ckey=bass&iid=2081,text,manuscripts,1966,1966,,,,"Bass Field Notes, 39CA4 (39SL4), 1966","Bass, William M., 1928-",creator,"Multivariate analysis of crania from the Sully Site, Sully County, South Dakota","Casady, Robert J.",creator,,"Janks, Madelyn",secretary,,,,,,,,,,,,,,,,,,,,,,,,,,,,,,,,,,,,,,,,,,,,,,,,,,,,,,,,,,,,,,,,,,,,,,,,,Includes letter describing contents with manuscript information.  Master's report submitted in partial fulfillment of the requirements for the degree Master of Science at Kansas State University.,"The copyright interests in this item remain with the creator. For more information, contact Special Collections at special@utk.edu.","University of Tennessee, Knoxville. Special Collections",Dr. William M. Bass III Collection, MS.3689,"The University of Tennessee, Knoxville. Libraries",http://digital.lib.utk.edu/mpds/data/bass/0012_003602_000215/0012_003602_000215_0001.jpg.t.jpg,2015-01-08T02:57:30Z
0012_003602_000224,39CO9,,,,,,,,,,,,,,"Anthropology, Physical",Indians of North America,Leavenworth Site (S.D.), ,,,,Corson County (S.D.),,,,,,,,,,,,,,University of Kansas. Department of Anthropology,,,,,,http://digital.lib.utk.edu/mpds/?ckey=bass&iid=2090,text,manuscripts,1971,1971,,,,"Bass Field Notes, 39CO9, 1971","Bass, William M., 1928-",creator,Leavenworth site cemetery : archaeology and physical anthropology,"Evans, David R.",creator,University of Kansas publications in anthropology ; no.2,"Jantz, Richard L.",creator, ,,,,,,,,,,,,,,,,,,,,,,,,,,,,,,,,,,,,,,,,,,,,,,,,,,,,,,,,,,,,,,,,,,,,,,,,"Results of information from an excavation at the Leavenworth (39CO9) site began on June 14, 1965 that continued for eight weeks.","The copyright interests in this item remain with the creator. For more information, contact Special Collections at special@utk.edu.","University of Tennessee, Knoxville. Special Collections",Dr. William M. Bass III Collection, MS.3689,"The University of Tennessee, Knoxville. Libraries",http://digital.lib.utk.edu/mpds/data/bass/0012_003602_000224/0012_003602_000224_0001.jpg.t.jpg,2015-01-08T02:57:30Z
0012_003602_000212,39CA4,39WW1,39WW2,39BF11,39CO9,,,Arikara Indians ,,,,,,,Excavations (Archaeology),Indians of North America,Anton Rygh Site (S.D.),Mobridge Site (S.D.),Larson Site (S.D.),Crow Creek Site (S.D.),Leavenworth Site (S.D.),Walworth County (S.D.),Corson County (S.D.), , ,,,,,,,,,,,Smithsonian Institution,,,,,,http://digital.lib.utk.edu/mpds/?ckey=bass&iid=2078,text,manuscripts,undated,1839,2011,inferred,Dates inferred from archival collection dates ; includes several Averbuch keys and coding sheets,"Bass Field Notes, 39CA4 (39WW1, 39WW2, 39BF11, 39CO9), undated","Bass, William M., 1928-",creator,P. Willey's Arikara femur data coding sheet,,, ,, , ,,,,,,,,,,,,,,,,,,,,,,,,,,,,,,,,,,,,,,,,,,,,,,,,,,,,,,,,,,,,,,,,,,,,,,,,"Keys of information pertaining to findings from several sources, some in handwritten form.","The copyright interests in this item remain with the creator. For more information, contact Special Collections at special@utk.edu.","University of Tennessee, Knoxville. Special Collections",Dr. William M. Bass III Collection, MS.3689,"The University of Tennessee, Knoxville. Libraries",http://digital.lib.utk.edu/mpds/data/bass/0012_003602_000212/0012_003602_000212_0001.jpg.t.jpg,2015-01-08T02:57:30Z
0012_003602_000239,39WW1,,,,,,,,,,,,,,Excavations (Archaeology),Indians of North America,Mobridge Site (S.D.),,,, ,Walworth County (S.D.),,,,,,,,,,,,,,University of Kansas. Department of Anthropology,,,,,,http://digital.lib.utk.edu/mpds/?ckey=bass&iid=2105,text,manuscripts,1968-1970,1968,1970,,,"Bass Field Notes, 39WW1, 1968-1970","Bass, William M., 1928-",creator,Burial record F-101 39WW1 Mobridge Site,,,,,,,,,,,,,,,,,,,,,,,,,,,,,,,,,,,,,,,,,,,,,,,,,,,,,,,,,,,,,,,,,,,,,,,,,,,,,,Burial record of the 39WW1 Mobridge site,"The copyright interests in this item remain with the creator. For more information, contact Special Collections at special@utk.edu.","University of Tennessee, Knoxville. Special Collections",Dr. William M. Bass III Collection, MS.3689,"The University of Tennessee, Knoxville. Libraries",http://digital.lib.utk.edu/mpds/data/bass/0012_003602_000239/0012_003602_000239_0001.jpg.t.jpg,2015-01-08T02:57:30Z
0012_003602_000220,39CO9,,,,,,,,,,,,,,Excavations (Archaeology),Indians of North America,Leavenworth Site (S.D.),,,,,Corson County (S.D.),,,,,,,,,,,,,,Smithsonian Institution,,,,,,http://digital.lib.utk.edu/mpds/?ckey=bass&iid=2086,text,manuscripts,"1965, 1966",1965,1966,,,"Bass Field Notes, 39CO9, 1965, 1966","Bass, William M., 1928-",creator,Paul Parmalee's identification of non-human elements from the Leavenworth (39C09)cemeteries,"Parmalee, Paul Woodburn",creator,, , ,,,,,,,,,,,,,,,,,,,,,,,,,,,,,,,,,,,,,,,,,,,,,,,,,,,,,,,,,,,,,,,,,,,,,,,,,"Handwritten record of items found in the Leavenworth (39C09) cemeteries, with drawings","The copyright interests in this item remain with the creator. For more information, contact Special Collections at special@utk.edu.","University of Tennessee, Knoxville. Special Collections",Dr. William M. Bass III Collection, MS.3689,"The University of Tennessee, Knoxville. Libraries",http://digital.lib.utk.edu/mpds/data/bass/0012_003602_000220/0012_003602_000220_0001.jpg.t.jpg,2015-01-08T02:57:30Z
0012_003602_000223,39CO9,,,,,,,,,,,,,,Excavations (Archaeology),Indians of North America,Leavenworth Site (S.D.),,,,,Corson County (S.D.),,,,,,,,,,,,,,University of Kansas. Department of Anthropology,"Dana College (Blair, Neb.)",,,,,http://digital.lib.utk.edu/mpds/?ckey=bass&iid=2089,text,manuscripts,1968-1969,1968,1969,,,"Bass Field Notes, 39CO9, 1968-1969","Bass, William M., 1928-",creator,Highland Leavenworth site,"Franks, Nick",creator,,"Lehmer, Donald J.(Donald Jayne),1917-1975",creator,,,,,,,,,,,,,,,,,,,,,,,,,,,,,,,,,,,,,,,,,,,,,,,,,,,,,,,,,,,,,,,,,,,,,,,,,A letter with the enclosed report asking Dr. Bass' opinion about whether it should be published,"The copyright interests in this item remain with the creator. For more information, contact Special Collections at special@utk.edu.","University of Tennessee, Knoxville. Special Collections",Dr. William M. Bass III Collection, MS.3689,"The University of Tennessee, Knoxville. Libraries",http://digital.lib.utk.edu/mpds/data/bass/0012_003602_000223/0012_003602_000223_0001.jpg.t.jpg,2015-01-08T02:57:30Z
0012_003602_000221,39CO9,,,,,,,,,,,,,,Excavations (Archaeology),Indians of North America,Leavenworth Site (S.D.),,,,,Corson County (S.D.),,,,,,,,,,,,,,"University of Tennessee, Knoxville. Department of Anthropology",National Museum of Natural History (U.S.),,,,,http://digital.lib.utk.edu/mpds/?ckey=bass&iid=2087,text,manuscripts,"1965-1966, 1984-1985",1965,1985,,,"Bass Field Notes, 39CO9, 1965-1966, 1984-1985","Bass, William M., 1928-",creator,Smithsonian Institution River Basin surveys burial form,"Ewers, John C. (John Canfield), 1909-1997",creator,,,,,,,,,,,,,,,,,,,,,,,,,,,,,,,,,,,,,,,,,,,,,,,,,,,,,,,,,,,,,,,,,,,,,,,,,,,,Letter of 6-10-85 from John C. Ewers to Dr. Bass asking permission to use a picture in his new book ; Letter of 6-13-85 from Dr. Bass to John C. Ewers giving permission to use the picture ; Includes a River Basin Surveys burial form ,"The copyright interests in this item remain with the creator. For more information, contact Special Collections at special@utk.edu.","University of Tennessee, Knoxville. Special Collections",Dr. William M. Bass III Collection, MS.3689,"The University of Tennessee, Knoxville. Libraries",http://digital.lib.utk.edu/mpds/data/bass/0012_003602_000221/0012_003602_000221_0001.jpg.t.jpg,2015-01-08T02:57:30Z
0012_003602_000262,48NO201,,,,,,,,,,,,,,Excavations (Archaeology),Indians of North America,Agate Basin Site (Wyo.),,,,, ,,,,,,,,,,,,,,Smithsonian Institution,,,,,,http://digital.lib.utk.edu/mpds/?ckey=bass&iid=2126,text,manuscripts,1961,1961,,,,"Bass Field Notes, 48NO201, 1961","Bass, William M., 1928-",creator,Smithsonian Institution River Basin Surveys general feature form 48NO201,,,,,,,,,,,,,,,,,,,,,,,,,,,,,,,,,,,,,,,,,,,,,,,,,,,,,,,,,,,,,,,,,,,,,,,,,,,,,,"Shows several pictures of arrowheads, etc., along with field notes for 48NO201","The copyright interests in this item remain with the creator. For more information, contact Special Collections at special@utk.edu.","University of Tennessee, Knoxville. Special Collections",Dr. William M. Bass III Collection, MS.3689,"The University of Tennessee, Knoxville. Libraries",http://digital.lib.utk.edu/mpds/data/bass/0012_003602_000262/0012_003602_000262_0001.jpg.t.jpg,2015-01-08T02:57:30Z
0012_003602_000227,39SL4,,,,,,,,,,,,,,Excavations (Archaeology),Indians of North America,Sully Site (S.D.),,,,,Sully County (S.D.),,,,,,,,,,,,,,Smithsonian Institution,,,,,,http://digital.lib.utk.edu/mpds/?ckey=bass&iid=2093,text,manuscripts,1957-1963,1957,1963,,,"Bass Field Notes, 39SL4, 1957-1963","Bass, William M., 1928-",creator,Smithsonian Institution Missouri Basin project,"Whitford, Leona",creator,Smithsonian Institution River Basin surveys burial form,,, ,,,,,,,,,,,,,,,,,,,,,,,,,,,,,,,,,,,,,,,,,,,,,,,,,,,,,,,,,,,,,,,,,,,,,,,,A letter from the Smithsonian Institution accompanying several requested burial records.,"The copyright interests in this item remain with the creator. For more information, contact Special Collections at special@utk.edu.","University of Tennessee, Knoxville. Special Collections",Dr. William M. Bass III Collection, MS.3689,"The University of Tennessee, Knoxville. Libraries",http://digital.lib.utk.edu/mpds/data/bass/0012_003602_000227/0012_003602_000227_0001.jpg.t.jpg,2015-01-08T02:57:30Z
0012_003602_000203,16IB3,,,,,,,,,,,,,,Excavations (Archaeology),Indians of North America,Morton Shell Mound,,,,,Iberia Parish (La.),,,,,,,,,,,,,,Louisiana State University,University of Kansas. Department of Anthropology,,,,,http://digital.lib.utk.edu/mpds/?ckey=bass&iid=2069,text,manuscripts,1970,1970,,,Images are very faint and hard to read.,"Bass Field Notes, 16IB3, 1970","Bass, William M., 1928-",creator,Skeletal analysis sheet,,,,,,,,,,,,,,,,,,,,,,,,,,,,,,,,,,,,,,,,,,,,,,,,,,,,,,,,,,,,,,,,,,,,,,,,,,,,,,Skeletal analysis records.,"The copyright interests in this item remain with the creator. For more information, contact Special Collections at special@utk.edu.","University of Tennessee, Knoxville. Special Collections",Dr. William M. Bass III Collection, MS.3689,"The University of Tennessee, Knoxville. Libraries",http://digital.lib.utk.edu/mpds/data/bass/0012_003602_000203/0012_003602_000203_0001.jpg.t.jpg,2015-01-08T02:57:30Z
0012_003602_000281,multiple locations,,,,,,,,,,,,,,Excavations (Archaeology),Indians of North America, ,,,,,multiple locations,,,,,,,,,,,,,,University of Kansas,,,,,,http://digital.lib.utk.edu/mpds/?ckey=bass&iid=2139,text,manuscripts,undated,1839,2011,inferred,Dates inferred from archival collection dates.,"Bass Field Notes, multiple locations, undated","Bass, William M., 1928-",creator,,,,,,,,,,,,,,,,,,,,,,,,,,,,,,,,,,,,,,,,,,,,,,,,,,,,,,,,,,,,,,,,,,,,,,,,,,,,,,,Several forms--Age classification form ; Sex classification form ; Epigenetic traits ; Dental inventory and pathology ,"The copyright interests in this item remain with the creator. For more information, contact Special Collections at special@utk.edu.","University of Tennessee, Knoxville. Special Collections",Dr. William M. Bass III Collection, MS.3689,"The University of Tennessee, Knoxville. Libraries",http://digital.lib.utk.edu/mpds/data/bass/0012_003602_000281/0012_003602_000281_0001.jpg.t.jpg,2015-01-08T02:57:30Z
0012_003602_000263,48NO201,,,,,,,,,,,,,,Excavations (Archaeology),Indians of North America,Agate Basin Site (Wyo.),,,,, ,,,,,,,,,,,,,,Smithsonian Institution,,,,,,http://digital.lib.utk.edu/mpds/?ckey=bass&iid=2127,text,manuscripts,1961,1961,,,,"Bass Field Notes, 48NO201, 1961","Bass, William M., 1928-",creator,"
	
 
Drs. Roberts , Agate Basin, Wyoming",,,,,,,,,,,,,,,,,,,,,,,,,,,,,,,,,,,,,,,,,,,,,,,,,,,,,,,,,,,,,,,,,,,,,,,,,,,,,,Site notes from work done on the Agate Basin Site in 1961,"The copyright interests in this item remain with the creator. For more information, contact Special Collections at special@utk.edu.","University of Tennessee, Knoxville. Special Collections",Dr. William M. Bass III Collection, MS.3689,"The University of Tennessee, Knoxville. Libraries",http://digital.lib.utk.edu/mpds/data/bass/0012_003602_000263/0012_003602_000263_0001.jpg.t.jpg,2015-01-08T02:57:30Z
0012_003602_000236,39SL4,39HU2,39HU48,39PO1,39PO27,39SL38,39ST202,,,,,,,,Excavations (Archaeology),Indians of North America,Oahe Reservoir Site (N.D. and S.D.),"Sharpe, Lake (S.D.)", , , ,"Oahe, Lake (S.D. and N.D.)",,,,,,,,,,,,,,Smithsonian Institution,,,,,,http://digital.lib.utk.edu/mpds/?ckey=bass&iid=2102,text,manuscripts,1963,1963,,,,"Bass Field Notes, 39SL4 (39HU2, 39HU48, 39PO1, 39PO27, 39SL38, 39ST202), 1963","Bass, William M., 1928-",creator,Smithsonian Institution Missouri Basin project,"Whitford, Leona",creator,,,,,,,,,,,,,,,,,,,,,,,,,,,,,,,,,,,,,,,,,,,,,,,,,,,,,,,,,,,,,,,,,,,,,,,,,,,,A letter along with a collection of mounted prints from the Oahe Reservoir and Big Bend Reservoir projects,"The copyright interests in this item remain with the creator. For more information, contact Special Collections at special@utk.edu.","University of Tennessee, Knoxville. Special Collections",Dr. William M. Bass III Collection, MS.3689,"The University of Tennessee, Knoxville. Libraries",http://digital.lib.utk.edu/mpds/data/bass/0012_003602_000236/0012_003602_000236_0001.jpg.t.jpg,2015-01-08T02:57:30Z
0012_003602_000225,39CO9,39WW2,39WW1,,,,,Arikara Indians,,,,,,,Excavations (Archaeology),Indians of North America,Leavenworth Site (S.D.),Larson Site (S.D.),Mobridge Site (S.D.),Sully Site (S.D.),Anton Rygh Site (S.D.),Corson County (S.D.),Walworth County (S.D.),Walworth County (S.D.),Sully County (S.D.),,,,,,,,,,,University of Kansas. Department of Anthropology,National Geographic Society (U.S.). Committee for Research and Exploration,"University of Tennessee, Knoxville. Department of Anthropology",,,,http://digital.lib.utk.edu/mpds/?ckey=bass&iid=2091,text,manuscripts,"1965-1969, 1970-1975, 1981-1987, 1991",1965,1991,,"Preliminary report on the 1970 summer field season, National Science Foundation Grant no. GS2717 along with a preliminary report on 1968 summer field season National Geographic Society Grant","Bass Field Notes, 39CO9 (39WW2, 39WW1), 1965-1969, 1970-1975, 1981-1987, 1991","Bass, William M., 1928-",creator,"Excavations in the burial areas at the Potts (39CO19) and Mobridge (39WW1) sites, South Dakota","Bass, William M., 1928-",creator,Abstract--Change and variation in skeletal populations of Arikara Indians,"Jantz, Richard L.",creator,Abstract--A multivariate statistical analysis of Arikara crania from the Northern Plains,"Lyon, William S., Ph. D.",creator,,"Carmichael, Leonard",creator,"Excavation of protohistoric Arikara skeletal material from the Larson Site, 39WW2 Walworth County, South Dakota","Bass, William M., 1928-",creator,"Excavation of protohistoric human skeletal material in northern South Dakota, pts. 1-4","Ubelaker, Douglas H.",creator,Improving accessibility and conditions for preservation of the human osteological collection,"Konigsberg, Lyle W.",creator,,,,,,,,,,,,,,,,,,,,,,,,,,,,,,,,,,,,,,,,,,,,,,,,,,,,,,,,,,"Collection of field notes, reports and letters pertaining to National Science Foundation and National Geographic Society grants","The copyright interests in this item remain with the creator. For more information, contact Special Collections at special@utk.edu.","University of Tennessee, Knoxville. Special Collections",Dr. William M. Bass III Collection, MS.3689,"The University of Tennessee, Knoxville. Libraries",http://digital.lib.utk.edu/mpds/data/bass/0012_003602_000225/0012_003602_000225_0001.jpg.t.jpg,2015-01-08T02:57:30Z
0012_003602_000219,39CO9,,,,,,,,,,,,,,Excavations (Archaeology),Indians of North America,Leavenworth Site (S.D.),,,,,Corson County (S.D.),,,,,,,,,,,,,,Smithsonian Institution,,,,,,http://digital.lib.utk.edu/mpds/?ckey=bass&iid=2085,text,manuscripts,1965-1966,1965,1966,,,"Bass Field Notes, 39CO9, 1965-1966","Bass, William M., 1928-",creator,Smithsonian Institution River Basin Surveys Burial Form,,,,,,,,,,,,,,,,,,,,,,,,,,,,,,,,,,,,,,,,,,,,,,,,,,,,,,,,,,,,,,,,,,,,,,,,,,,,,,Notes and diagrams of burial sites along with field diary.,"The copyright interests in this item remain with the creator. For more information, contact Special Collections at special@utk.edu.","University of Tennessee, Knoxville. Special Collections",Dr. William M. Bass III Collection, MS.3689,"The University of Tennessee, Knoxville. Libraries",http://digital.lib.utk.edu/mpds/data/bass/0012_003602_000219/0012_003602_000219_0001.jpg.t.jpg,2015-01-08T02:57:30Z
0012_003602_000256,39WW2,,,,,,,,,,,,,,Excavations (Archaeology),Indians of North America,Larson Site (S.D.),,,,,"Walworth County, South Dakota",,,,,,,,,,,,,,University of Kansas. Department of Anthropology.,,,,,,http://digital.lib.utk.edu/mpds/?ckey=bass&iid=2122,text,manuscripts,1967,1967-06-11,1967-08-03,,"There were two separate journals, not sure which one Ubelaker wrote","Bass Field Notes, 39WW2, 1967","Bass, William M., 1928-",creator,"Field notes and record of activities for summer of 1967 at Mobridge, South Dakota, excavating the Larson Site 39WW2","Ubelaker, Douglas H.",creator,,,,,,,,,,,,,,,,,,,,,,,,,,,,,,,,,,,,,,,,,,,,,,,,,,,,,,,,,,,,,,,,,,,,,,,,,,,,"Handwritten field notes/diary from June 14-August 3, 1967.","The copyright interests in this item remain with the creator. For more information, contact Special Collections at special@utk.edu.","University of Tennessee, Knoxville. Special Collections",Dr. William M. Bass III Collection, MS.3689,"The University of Tennessee, Knoxville. Libraries",http://digital.lib.utk.edu/mpds/data/bass/0012_003602_000256/0012_003602_000256_0001.jpg.t.jpg,2015-01-08T02:57:30Z
0012_003602_000241,39WW1,,,,,,,,,,,,,,Excavations (Archaeology),Indians of North America,Potts Village Site (S.D.),,,,,Corson County (S.D.),,,,,,,,,,,,,,University of Kansas.  Department of Anthropology,,,,,,http://digital.lib.utk.edu/mpds/?ckey=bass&iid=2107,text,manuscripts,1970,1970-06-11,1970-08-04,,"Two separate handwritten journals, not sure of author.","Bass Field Notes, 39WW1, 1970","Bass, William M., 1928-",creator,Official journal of the 1970 University of Kansas anthropological field party,,,,,,,,,,,,,,,,,,,,,,,,,,,,,,,,,,,,,,,,,,,,,,,,,,,,,,,,,,,,,,,,,,,,,,,,,,,,,,Handwritten journal of the 1970 University of Kansas anthropological field party,"The copyright interests in this item remain with the creator. For more information, contact Special Collections at special@utk.edu.","University of Tennessee, Knoxville. Special Collections",Dr. William M. Bass III Collection, MS.3689,"The University of Tennessee, Knoxville. Libraries",http://digital.lib.utk.edu/mpds/data/bass/0012_003602_000241/0012_003602_000241_0001.jpg.t.jpg,2015-01-08T02:57:30Z
0012_003602_000231,39SL4,,,,,,,,,,,,,,Excavations (Archaeology),Indians of North America,Sully Site (S.D.),,,,,Sully County (S.D.),,,,,,,,,,,,,,River Basin Surveys,,,,,,http://digital.lib.utk.edu/mpds/?ckey=bass&iid=2097,text,manuscripts,1958-1962,1958,1962,,,"Bass Field Notes, 39SL4, 1958-1962","Bass, William M., 1928-",creator,"Smithsonian Institution River Basin Surveys, Missouri River Basin Project Specimen catalog","Stewart, Evelyn",creator,,,,,,,,,,,,,,,,,,,,,,,,,,,,,,,,,,,,,,,,,,,,,,,,,,,,,,,,,,,,,,,,,,,,,,,,,,,,Specimen catalog from 1958-1962 for the Sully Site (39SL4) along with a letter from Evelyn Smith about the filing system to be used,"The copyright interests in this item remain with the creator. For more information, contact Special Collections at special@utk.edu.","University of Tennessee, Knoxville. Special Collections",Dr. William M. Bass III Collection, MS.3689,"The University of Tennessee, Knoxville. Libraries",http://digital.lib.utk.edu/mpds/data/bass/0012_003602_000231/0012_003602_000231_0001.jpg.t.jpg,2015-01-08T02:57:30Z
0012_003602_000274,24TL26,32SN31,32GG1,32ME32,25BF7,25CU201,25HW201,25NC201,,,,39BF2B,,,14PO14,39ST30,Galata Site,Cushing Dam Site,Tuttle Creek Site,Dodd Site,,Toole County (Mont.),Stutsman County (N.D.),Griggs County (N.D.),Mercer County (N.D.),Buffalo County (Neb.),Custer County (Neb.),Howard County (Neb.),Nance County (Neb.),Pottawatomie County (Kan.),Stanley County (S.D.),Buffalo County (S.D.),,,,United States National Museum. Department of Anthropology,River Basin Surveys,,,,,http://digital.lib.utk.edu/mpds/?ckey=bass&iid=2138,text,manuscripts,"1956, 1958",1956,1958,,,"Bass Field Notes, 24TL26 (32SN31, 32GG1, 32ME32, 25BF7, 25CU201, 25HW201, 25NC201, 14PO14, 39ST30, 39BF2B), 1956, 1958","Bass, William M., 1928-",creator,Location of material sent to the Division of Physical Anthropology by the River Basin Surveys,"Roberts, Frank H. H. (Frank Harold Hanna), 1897-1966",Addressee,"Preliminary report on an Indian calverium from the Medicine Crow Site, 39BF28, Buffalo County South Dakota","Bass, William M., 1928-",,,,,,,,,,,,,,,,,,,,,,,,,,,,,,,,,,,,,,,,,,,,,,,,,,,,,,,,,,,,,,,,,,,,,,,,,,Several memos from Dr. Bass to Frank H. H. Roberts dealing with skeletal material sent to the Division of Physical Anthropology.,"The copyright interests in this item remain with the creator. For more information, contact Special Collections at special@utk.edu.","University of Tennessee, Knoxville. Special Collections",Dr. William M. Bass III Collection, MS.3689,"The University of Tennessee, Knoxville. Libraries",http://digital.lib.utk.edu/mpds/data/bass/0012_003602_000274/0012_003602_000274_0001.jpg.t.jpg,2015-01-08T02:57:30Z
0012_003602_000217,39CO9,,,,,,,,,,,,,,Excavations (Archaeology),Indians of North America,Leavenworth Village Site,,,,,"Leavenworth County, South Dakota",,,,,,,,,,,,,,University of Kansas. Department of Anthropology,,,,,,http://digital.lib.utk.edu/mpds/?ckey=bass&iid=2083,text,manuscripts,1965 (circa),1965,,approximate,There were no first names included on list,"Bass Field Notes, 39CO9, 1965 (circa)","Bass, William M., 1928-",photographer,University of Kansas Department of Anthropology and Museum of Natural History Archaeological photographic record,Evans,photographer,,,,,,,,,,,,,,,,,,,,,,,,,,,,,,,,,,,,,,,,,,,,,,,,,,,,,,,,,,,,,,,,,,,,,,,,,,,,Record of photographs made at the Leavenworth Village Site,"The copyright interests in this item remain with the creator. For more information, contact Special Collections at special@utk.edu.","University of Tennessee, Knoxville. Special Collections",Dr. William M. Bass III Collection, MS.3689,"The University of Tennessee, Knoxville. Libraries",http://digital.lib.utk.edu/mpds/data/bass/0012_003602_000217/0012_003602_000217_0001.jpg.t.jpg,2015-01-08T02:57:30Z
0012_003602_000268,MBP:  39SL4,39SL39,39SL46,,,,,,,,,,,,Excavations (Archaeology),Indians of North America,Sully Site (S.D.),Whistling Hawk Site,,,,Sully County (S.D.),,,,,,,,,,,,,,River Basin Surveys,,,,,,http://digital.lib.utk.edu/mpds/?ckey=bass&iid=2132,text,manuscripts,1958 (summer),1958-22,,,Several memos from different field parties to Chief Robert L. Stephenson.,"Bass Field Notes, MBP:  39SL4 (39SL39, 39SL46), 1958 (summer)","Bass, William M., 1928-",creator,MBP Weekly progress reports Summer - 1958,,,Missouri Basin project field memoranda 1958,,,"Missouri Basin Project river basin surveys Smithsonian Institution Field plans for the 1958 season revised as of June 20, 1958",,,,,,,,,,,,,,,,,,,,,,,,,,,,,,,,,,,,,,,,,,,,,,,,,,,,,,,,,,,,,,,,,,,,,,,,Weekly progress reports for the Missouri River Basin Project,"The copyright interests in this item remain with the creator. For more information, contact Special Collections at special@utk.edu.","University of Tennessee, Knoxville. Special Collections",Dr. William M. Bass III Collection, MS.3689,"The University of Tennessee, Knoxville. Libraries",http://digital.lib.utk.edu/mpds/data/bass/0012_003602_000268/0012_003602_000268_0001.jpg.t.jpg,2015-01-08T02:57:30Z
0012_003602_000218,39CO9,,,,,,,,,,,,,,Excavations (Archaeology),Indians of North America,Leavenworth Site (S.D.),,,,,Corson County (S.D.),,,,,,,,,,,,,,University of Kansas. Department of Anthropology,,,,,,http://digital.lib.utk.edu/mpds/?ckey=bass&iid=2084,text,manuscripts,1965 (circa),1965,,approximate,,"Bass Field Notes, 39CO9, 1965 (circa)","Bass, William M., 1928-",creator,"Sheet no.113 Missouri River Gavins Point near Yankton, South Dakota to Stanton, North Dakota",,,"East burial area of the Leavenworth Site, 39CO9",,,,,,,,,,,,,,,,,,,,,,,,,,,,,,,,,,,,,,,,,,,,,,,,,,,,,,,,,,,,,,,,,,,,,,,,,,,Map of the Leavenworth Site,"The copyright interests in this item remain with the creator. For more information, contact Special Collections at special@utk.edu.","University of Tennessee, Knoxville. Special Collections",Dr. William M. Bass III Collection, MS.3689,"The University of Tennessee, Knoxville. Libraries",http://digital.lib.utk.edu/mpds/data/bass/0012_003602_000218/0012_003602_000218_0001.jpg.t.jpg,2015-01-08T02:57:30Z
0012_003602_000269,MBP:  39SL4,,,,,,,,,,,,,,Excavations (Archaeology),Indians of North America,Sully Site (S.D.),,,,,Sully County (S.D.),,,,,,,,,,,,,,River Basin Surveys,,,,,,http://digital.lib.utk.edu/mpds/?ckey=bass&iid=2133,text,manuscripts,1959 (summer),1959-22,,,Several memos from different field parties to Chief Robert L. Stephenson.,"Bass Field Notes, MBP:  39SL4, 1959 (summer)","Bass, William M., 1928-",creator,MBP Weekly progress reports Summer - 1959,,,"Archaeological progress report no.4 Field season of 1959 November 2, 1959",,,,,,,,,,,,,,,,,,,,,,,,,,,,,,,,,,,,,,,,,,,,,,,,,,,,,,,,,,,,,,,,,,,,,,,,,,,Weekly progress reports for the Missouri River Basin Project,"The copyright interests in this item remain with the creator. For more information, contact Special Collections at special@utk.edu.","University of Tennessee, Knoxville. Special Collections",Dr. William M. Bass III Collection, MS.3689,"The University of Tennessee, Knoxville. Libraries",http://digital.lib.utk.edu/mpds/data/bass/0012_003602_000269/0012_003602_000269_0001.jpg.t.jpg,2015-01-08T02:57:30Z
0012_003602_000238,39WW1,,,,,,,,,,,,,,Excavations (Archaeology),Indians of North America,Mobridge Site (S.D.),,,,,Walworth County (S.D.),,,,,,,,,,,,,,University of Kansas. Department of Anthropology,Museum of Natural History (U.S.),,,,,http://digital.lib.utk.edu/mpds/?ckey=bass&iid=2104,text,manuscripts,1968-1969,1968,1969,,,"Bass Field Notes, 39WW1, 1968-1969","Bass, William M., 1928-",creator,University of Kansas Department of Anthropology and Museum of Natural History Burial record ,,,,,,,,,,,,,,,,,,,,,,,,,,,,,,,,,,,,,,,,,,,,,,,,,,,,,,,,,,,,,,,,,,,,,,,,,,,,,,Burial records and diagrams from the Mobridge site.,"The copyright interests in this item remain with the creator. For more information, contact Special Collections at special@utk.edu.","University of Tennessee, Knoxville. Special Collections",Dr. William M. Bass III Collection, MS.3689,"The University of Tennessee, Knoxville. Libraries",http://digital.lib.utk.edu/mpds/data/bass/0012_003602_000238/0012_003602_000238_0001.jpg.t.jpg,2015-01-08T02:57:30Z
0012_003602_000210,39CA4,,,,,,,,,,,,,,Excavations (Archaeology),Indians of North America,Anton Rygh Site (S.D.),,,,,Campbell County (S.D.),,,,,,,,,,,,,,University of Kansas,,,,,,http://digital.lib.utk.edu/mpds/?ckey=bass&iid=2076,text,manuscripts,1970,1970,,,,"Bass Field Notes, 39CA4, 1970","Bass, William M., 1928-",creator,"Field notes of 39CA4, F401 1970",,,University of Kansas Laboratory of Physical Anthropology Burial Record,,,,,,,,,,,,,,,,,,,,,,,,,,,,,,,,,,,,,,,,,,,,,,,,,,,,,,,,,,,,,,,,,,,,,,,,,,,"Field notes and diagrams of 39CA4, F401 1970","The copyright interests in this item remain with the creator. For more information, contact Special Collections at special@utk.edu.","University of Tennessee, Knoxville. Special Collections",Dr. William M. Bass III Collection, MS.3689,"The University of Tennessee, Knoxville. Libraries",http://digital.lib.utk.edu/mpds/data/bass/0012_003602_000210/0012_003602_000210_0001.jpg.t.jpg,2015-01-08T02:57:30Z
0012_003602_000252,39WW2,,,,,,,,,,,,,,Excavations (Archaeology),Indians of North America,Larson Site (S.D.),,,,,Walworth County (S.D.),,,,,,,,,,,,,,River Basin Surveys,,,,,,http://digital.lib.utk.edu/mpds/?ckey=bass&iid=2118,text,manuscripts,1967,1967,,,,"Bass Field Notes, 39WW2, 1967","Bass, William M., 1928-",creator,Smithsonian Institution River Basin Surveys burial form 201,,,,,,,,,,,,,,,,,,,,,,,,,,,,,,,,,,,,,,,,,,,,,,,,,,,,,,,,,,,,,,,,,,,,,,,,,,,,,,Forms and diagrams of Feature no.201 of the Larson site,"The copyright interests in this item remain with the creator. For more information, contact Special Collections at special@utk.edu.","University of Tennessee, Knoxville. Special Collections",Dr. William M. Bass III Collection, MS.3689,"The University of Tennessee, Knoxville. Libraries",http://digital.lib.utk.edu/mpds/data/bass/0012_003602_000252/0012_003602_000252_0001.jpg.t.jpg,2015-01-08T02:57:30Z
0012_003602_000261,40MO10,,,,,,,,,,,,,,Excavations (Archaeology), ,Wartburg (Tenn.),,,,, ,,,,,,,,,,,,,,Tennessee Department of Transportation,"University of Tennessee, Knoxville. Department of Anthropology",,,,,http://digital.lib.utk.edu/mpds/?ckey=bass&iid=2125,text,manuscripts,1974,1974,,,Department of Transportation Project No. RF-031-1(18),"Bass Field Notes, 40MO10, 1974","Bass, William M., 1928-",creator,"Report on removal of graves from a 19th century German Lutheran Cemetery in Wartburg, Morgan County, Tennessee","Bass, Charles E.",creator,,,,,,,,,,,,,,,,,,,,,,,,,,,,,,,,,,,,,,,,,,,,,,,,,,,,,,,,,,,,,,,,,,,,,,,,,,,,Report and field notes of excavation in Wartburg,"The copyright interests in this item remain with the creator. For more information, contact Special Collections at special@utk.edu.","University of Tennessee, Knoxville. Special Collections",Dr. William M. Bass III Collection, MS.3689,"The University of Tennessee, Knoxville. Libraries",http://digital.lib.utk.edu/mpds/data/bass/0012_003602_000261/0012_003602_000261_0001.jpg.t.jpg,2015-01-08T02:57:30Z
0012_003602_000228,39SL4,,,,,,,,,,,,,,Excavations (Archaeology),Indians of North America,Sully Site (S.D.),Oahe Reservoir Site (S.D.),,,,Sully County (S.D.),,,,,,,,,,,,,,River Basin Surveys,,,,,,http://digital.lib.utk.edu/mpds/?ckey=bass&iid=2094,text,manuscripts,1958-1963,1958,1963,,,"Bass Field Notes, 39SL4, 1958-1963","Bass, William M., 1928-",creator,"Smithsonian Institution River Basin Surveys burial form for feature no. 220, 320, 416-418, f40 ",,,"Smithsonian Institution River Basin Surveys general feature form Feature no. 420, 451",,,,,,,,,,,,,,,,,,,,,,,,,,,,,,,,,,,,,,,,,,,,,,,,,,,,,,,,,,,,,,,,,,,,,,,,,,,Forms and diagrams of features from several features of Oahe,"The copyright interests in this item remain with the creator. For more information, contact Special Collections at special@utk.edu.","University of Tennessee, Knoxville. Special Collections",Dr. William M. Bass III Collection, MS.3689,"The University of Tennessee, Knoxville. Libraries",http://digital.lib.utk.edu/mpds/data/bass/0012_003602_000228/0012_003602_000228_0001.jpg.t.jpg,2015-01-08T02:57:30Z
0012_003602_000264,48NO201,,,,,,,,,,,,,,Excavations (Archaeology),Indians of North America,Agate Basin Site (Wyo.),,,,, ,,,,,,,,,,,,,,River Basin Surveys.,University of Wyoming. Department of Anthropology,,,,,http://digital.lib.utk.edu/mpds/?ckey=bass&iid=2128,text,manuscripts,"1961, 1981",1961,1981,,,"Bass Field Notes, 48NO201, 1961, 1981","Bass, William M., 1928-",creator,"Specimen Catalogue, Agate Basin Site, 48NO201","Frison, George C.",,Smithsonian Institution River Basin Surveys General feature form Section 48NO201,,,,,,,,,,,,,,,,,,,,,,,,,,,,,,,,,,,,,,,,,,,,,,,,,,,,,,,,,,,,,,,,,,,,,,,,,,,"Letters to and from George c. Frison, Specimen catalog and General features of the Agate Basin Site","The copyright interests in this item remain with the creator. For more information, contact Special Collections at special@utk.edu.","University of Tennessee, Knoxville. Special Collections",Dr. William M. Bass III Collection, MS.3689,"The University of Tennessee, Knoxville. Libraries",http://digital.lib.utk.edu/mpds/data/bass/0012_003602_000264/0012_003602_000264_0001.jpg.t.jpg,2015-01-08T02:57:30Z
0012_003602_000242,39WW1,,,,,,,,,,,,,,Excavations (Archaeology),Indians of North America, ,,,,, , , ,,,,,,,,,,,,National Museum of Natural History (U.S.),,,,,,http://digital.lib.utk.edu/mpds/?ckey=bass&iid=2108,text,manuscripts,undated,1839,2011,inferred,Dates inferred from archival collection dates.,"Bass Field Notes, 39WW1, undated","Bass, William M., 1928-",creator,Physical anthropology skeletal research collections,,,Physical anthropology data base files,,,,,,,,,,,,,,,,,,,,,,,,,,,,,,,,,,,,,,,,,,,,,,,,,,,,,,,,,,,,,,,,,,,,,,,,,,,,"The copyright interests in this item remain with the creator. For more information, contact Special Collections at special@utk.edu.","University of Tennessee, Knoxville. Special Collections",Dr. William M. Bass III Collection, MS.3689,"The University of Tennessee, Knoxville. Libraries",http://digital.lib.utk.edu/mpds/data/bass/0012_003602_000242/0012_003602_000242_0001.jpg.t.jpg,2015-01-08T02:57:30Z
0012_003602_000229,39SL4,,,,,,,,,,,,,,Excavations (Archaeology),Indians of North America,Sully Site (S.D.),,,,,"Oahe, Lake (S.D. and N.D.)",Sully County (S.D.),,,,,,,,,,,,,River Basin Surveys,,,,,,http://digital.lib.utk.edu/mpds/?ckey=bass&iid=2095,text,manuscripts,1962,1962,,,,"Bass Field Notes, 39SL4, 1962","Bass, William M., 1928-",creator,"Smithsonian Institution River Basin Surveys burial form, Feature No. 421, Site no.39SL4, R618",,,,,,,,,,,,,,,,,,,,,,,,,,,,,,,,,,,,,,,,,,,,,,,,,,,,,,,,,,,,,,,,,,,,,,,,,,,,,,"Field notes and diagrams from the Sully, South Dakota, site 39S24, R618","The copyright interests in this item remain with the creator. For more information, contact Special Collections at special@utk.edu.","University of Tennessee, Knoxville. Special Collections",Dr. William M. Bass III Collection, MS.3689,"The University of Tennessee, Knoxville. Libraries",http://digital.lib.utk.edu/mpds/data/bass/0012_003602_000229/0012_003602_000229_0001.jpg.t.jpg,2015-01-08T02:57:30Z
0012_003602_000273,MBP:  39CA4,39CO9,,,,,,,,,,,,,Excavations (Archaeology),Indians of North America,Anton Rygh Site (S.D.),Leavenworth Village Site,Fort Yates (N.D.),,,Corson County (S.D.),,,,,,,,,,,,,,River Basin Surveys, ,,,,,http://digital.lib.utk.edu/mpds/?ckey=bass&iid=2137,text,manuscripts,1965,1965,,,,"Bass Field Notes, MBP:  39CA4 (39CO9), 1965","Bass, William M., 1928-",creator,"Missouri Basin Project field report, 1965","Hoffman, J. J.(John Jacob), 1931-",creator,,"Smith, G. Hubert (George Hubert), 1908-1972",creator,,"Jensen, Richard E.",creator,,"Moerman, Daniel E.",creator,,"Brown, Lionel A.",creator,Blue Ridge Development Project 2317,"Ayres, Harvard G.",creator,,"Hosted, Wilfred.",creator,,"Neuman, Robert W.",creator,,"Johnston, Richard B. (Richard Barnett), 1930-",creator,,"Mallory, Oscar L.",creator,,,,,,,,,,,,,,,,,,,,,,,,,,,,,,,,,,,,,,,,,,,,,,,,,Field reports from several sites in the Missouri Basin project,"The copyright interests in this item remain with the creator. For more information, contact Special Collections at special@utk.edu.","University of Tennessee, Knoxville. Special Collections",Dr. William M. Bass III Collection, MS.3689,"The University of Tennessee, Knoxville. Libraries",http://digital.lib.utk.edu/mpds/data/bass/0012_003602_000273/0012_003602_000273_0001.jpg.t.jpg,2015-01-08T02:57:30Z
0012_003602_000244,39WW1,39CA4,,,,,,,,,,,,,Excavations (Archaeology),Indians of North America,Mobridge Site (S.D.),Anton Rygh Site (S.D.),,,,Walworth County (S.D.),Campbell County (S.D.),,,,,,,,,,,,,University of Kansas. Department of Anthropology,,,,,,http://digital.lib.utk.edu/mpds/?ckey=bass&iid=2110,text,manuscripts,1971,1971,,,,"Bass Field Notes, 39WW1 (39CA4), 1971","Bass, William M., 1928-",creator,"Field notes from 1991 season, South Dakota, 39CA4 & 39WW1",,,University of Kansas Laboratory of Physical Anthropology burial record 39CA4,,,University of Kansas Laboratory of Physical Anthropology burial record 39WW1,,,,,,,,,,,,,,,,,,,,,,,,,,,,,,,,,,,,,,,,,,,,,,,,,,,,,,,,,,,,,,,,,,,,,,,,,"The copyright interests in this item remain with the creator. For more information, contact Special Collections at special@utk.edu.","University of Tennessee, Knoxville. Special Collections",Dr. William M. Bass III Collection, MS.3689,"The University of Tennessee, Knoxville. Libraries",http://digital.lib.utk.edu/mpds/data/bass/0012_003602_000244/0012_003602_000244_0001.jpg.t.jpg,2015-01-08T02:57:30Z
0012_003602_000208,39CA4,,,,,,,,,,,,,,Excavations (Archaeology),Indians of North America,Anton Rygh Site (S.D.),,,,,Campbell County (S.D.),,,,,,,,,,,,,,River Basin Surveys,,,,,,http://digital.lib.utk.edu/mpds/?ckey=bass&iid=2074,text,manuscripts,1965-1966,1965,1966,,,"Bass Field Notes, 39CA4, 1965-1966","Bass, William M., 1928-",creator,"Smithsonian Institution River Basin Surveys burial form, feature no. 101 site no. 39CA4",,,Smithsonian Institution River Basin Surveys Missouri Basin Project Specimen catalog,,,"Field Report on human skeletal remains found June 11, 1965 in Campbell County, South Dakota","Evans, David",creator,,"Stewart, Evelyn",creator,,,,,,,,,,,,,,,,,,,,,,,,,,,,,,,,,,,,,,,,,,,,,,,,,,,,,,,,,,,,,,,,,,,"Burial reports, specimen catalog, a field report and a letter from Evelyn Stewart","The copyright interests in this item remain with the creator. For more information, contact Special Collections at special@utk.edu.","University of Tennessee, Knoxville. Special Collections",Dr. William M. Bass III Collection, MS.3689,"The University of Tennessee, Knoxville. Libraries",http://digital.lib.utk.edu/mpds/data/bass/0012_003602_000208/0012_003602_000208_0001.jpg.t.jpg,2015-01-08T02:57:30Z
0012_003602_000211,39CA4,39CO31,39CO32,39DW236,,,,,,,,,,,Excavations (Archaeology),Indians of North America,Anton Rygh Site (S.D.),Nordvold Site (S.D.),,,,Oahe Reservoir Site (S.D.),Campbell County (S.D.),Corson County (S.D.),,,,,,,,,,,,University of Kansas.  Department of Anthropology,Museum of Natural History (U.S.),River Basin Surveys,,,,http://digital.lib.utk.edu/mpds/?ckey=bass&iid=2077,text,manuscripts,1969,1969,,,,"Bass Field Notes, 39CA4 (39CO31, 39CO32, 39DW236), 1969","Bass, William M., 1928-",creator,University of Kansas Department of Anthropology and Museum of Natural History burial record 39CA4 F301 Area B,,,"Smithsonian Institution River Basin Surveys general feature form, Feature no. F101, Site no. 39CA31, 32, or 33",,,,,,,,,,,,,,,,,,,,,,,,,,,,,,,,,,,,,,,,,,,,,,,,,,,,,,,,,,,,,,,,,,,,,,,,,,,,"The copyright interests in this item remain with the creator. For more information, contact Special Collections at special@utk.edu.","University of Tennessee, Knoxville. Special Collections",Dr. William M. Bass III Collection, MS.3689,"The University of Tennessee, Knoxville. Libraries",http://digital.lib.utk.edu/mpds/data/bass/0012_003602_000211/0012_003602_000211_0001.jpg.t.jpg,2015-01-08T02:57:30Z
0012_003602_000222,39CO9,,,,,,,,,,,,,,Excavations (Archaeology),Indians of North America,Leavenworth Village Site (S.D.),,,,, ,Corson County (S.D.),,,,,,,,,,,,,University of Missouri--Columbia. Department of Anthropology,University of Tennessee.  Department of Anthropology,,,,,http://digital.lib.utk.edu/mpds/?ckey=bass&iid=2088,text,manuscripts,1965-1974,1974,1974,,,"Bass Field Notes, 39CO9, 1965-1974","Bass, William M., 1928-",creator,,"Evans, David R.",recipient,,"Ospeth, John",recipient,,,,,,,,,,,,,,,,,,,,,,,,,,,,,,,,,,,,,,,,,,,,,,,,,,,,,,,,,,,,,,,,,,,,,,,,,"Letter to David E. Evans loaning glass beads and metal items from the Leavenworth Site (39CO9), a list of materials loaned along with a letter to John Ospseth about the beads","The copyright interests in this item remain with the creator. For more information, contact Special Collections at special@utk.edu.","University of Tennessee, Knoxville. Special Collections",Dr. William M. Bass III Collection, MS.3689,"The University of Tennessee, Knoxville. Libraries",http://digital.lib.utk.edu/mpds/data/bass/0012_003602_000222/0012_003602_000222_0001.jpg.t.jpg,2015-01-08T02:57:30Z
0012_003602_000201,14LV330,,,,,,,,,,,,,,Excavations (Archaeology),Indians of North America,Nester Site (Kan.),,,,,Leavenworth County (Kan.),,,,,,,,,,,,,,Kansas State Historical Society. Archeology Department,University of Kansas.  Department of Archaeology,,,,,http://digital.lib.utk.edu/mpds/?ckey=bass&iid=2067,text,manuscripts,1970,1970,,,,"Bass Field Notes, 14LV330, 1970","Bass, William M., 1928-",creator,Nester Site 14LV330,,,Kansas State Historical Society archaeological survey,,,,"Hawes, Dan.",recipient,,"Nester, Tillman",recipient,,"Stevens, L. D., Mrs.",recipient,University of Kansas Laboratory of Physical Anthropology burial record Site no.14LV330,,,,"Shippee, J. M. (James Mett), 1896-1985",recipient,,,,,,,,,,,,,,,,,,,,,,,,,,,,,,,,,,,,,,,,,,,,,,,,,,,,,,,,,,Letters to different people about digging at the Nester Site,"The copyright interests in this item remain with the creator. For more information, contact Special Collections at special@utk.edu.","University of Tennessee, Knoxville. Special Collections",Dr. William M. Bass III Collection, MS.3689,"The University of Tennessee, Knoxville. Libraries",http://digital.lib.utk.edu/mpds/data/bass/0012_003602_000201/0012_003602_000201_0001.jpg.t.jpg,2015-01-08T02:57:30Z
0012_003602_000205,39CA4,,,,,,,,,,,,,,Excavations (Archaeology),Indians of North America, ,,,,,South Dakota,,,,,,,,,,,,,,South Dakota Department of Education and Cultural Affairs,South Dakota State Archaeologist,,,,,http://digital.lib.utk.edu/mpds/?ckey=bass&iid=2071,text,manuscripts,1973,1973,,,,"Bass Field Notes, 39CA4, 1973","Bass, William M., 1928-",creator,Archaeological field notes of W. H. Over,"Over, William Henry, 1866-1956",creator,,"Sigstad, John S.",editor,,"Sigstad, Joanita Kant",editor,"Research bulletin, South Dakota State Archaeologist, no.1",,,,,,,,,,,,,,,,,,,,,,,,,,,,,,,,,,,,,,,,,,,,,,,,,,,,,,,,,,,,,,,,,,,,,W.H. Over's field notes,"The copyright interests in this item remain with the creator. For more information, contact Special Collections at special@utk.edu.","University of Tennessee, Knoxville. Special Collections",Dr. William M. Bass III Collection, MS.3689,"The University of Tennessee, Knoxville. Libraries",http://digital.lib.utk.edu/mpds/data/bass/0012_003602_000205/0012_003602_000205_0001.jpg.t.jpg,2015-01-08T02:57:30Z
0012_003602_000265,MBP:  39WW2,39CO9,39CA4,39ST238,39ST223,13PK16-32,,,,,,,,,Excavations (Archaeology),Indians of North America,Larson Site (S.D.),Leavenworth Village Site,Anton Rygh Site (S.D.),Durkin Site.,Fort Manuel Site,Walworth County (S.D.),Mummy Cave (Wyo.),Corson County (S.D.),Fort Manuel (S.D.),Ketchen Site,Saylorville Project,Polk County (Neb.),,,,,,,,River Basin Surveys,National Geographic Society (U.S.),Whitney Gallery of Western Art,Iowa State University. Department of Anthropology,United States. National Park Service,,http://digital.lib.utk.edu/mpds/?ckey=bass&iid=2129,text,manuscripts,1966 June,1966-06,1966-08,,,"Bass Field Notes, MBP:  39WW2 (39CO9, 39CA4), 1966 June","Bass, William M., 1928-",creator,Smithsonian River Basin Surveys weekly report,,,"Archaeological progress report no. 11, field season of 1966, November, 1966",,,"Archaeological progress report no.12 field season of 1967 ; November, 1967",,,"River Basin Surveys weekly report, Larson Site, Report no. 9-11, August 19-26, 1966","Hoffman, J. J. (John Jacob), 1931-",creator,"River Basin Surveys weekly report, Fort George Party, report no.1,3-6,9-11, June 25, July 8-29, August 19- 26, Sept. 9, 1966 (Two no.3s)","Jones, David T.",creator,"River Basin Survey weekly report, Pipestem Creek Survey, report no.10 August 19, 1966","Mallory, Oscar L.",creator,"River Basin Surveys weekly report, Bowman Party, report no.1-6,8-9 June 24-July, August 12-19, 1966 (Two report no.3s)","Mallory, Oscar L.",creator,"River Basin Surveys weekly report Saylorville Party 13PK16 through 13PK32, Report no.1-3, July 8-26, 1966","Brown, Lionel A.",creator,"Mummy Cave Project, 48PA201, Report no.3-8, 11; June 24-July 1, 15-29, August 19, 1966","Husted, Wilfred M.",creator,"Leavenworth burial party, Cooperative party, University of Kansas, National Science Foundation Report no.1-7 June 17-August 5, 1966 (Two Report no.7s)","Bass, William M., 1928-",creator,"River Basin Surveys weekly report South Cannonball party ; Report no.1,3,5-6 ; June 24,July 1966 (Three Report no.3s; two report no.1s)","Hoffman, J. J. (John Jacob), 1931-",creator,"River Basin Surveys weekly report La Roche Party Report no.1,3-6 June 24-July, 1966 (Two Report no.1s)","Jensen, Richard E.",creator,"River Basin Surveys weekly report Fort Manuel Party Report no.1-4 July 8-29, 1966","Smith, G. Hubert (George Hubert), 1908-1972",creator,"Red Rock archaeological project Cooperative Party, Iowa State University - National Park Service Report #3,6-8-66; June 25-July. 1966 (Three report #3s)","Gradwohl, David M., 1934-",creator,"RBS archeologists and interested persons, 12 Plains Conference","Caldwell, Warren W. (Warren Wendell)",creator,,,,,,,,,,,,,,,,,,,,,,,,,,,,,,,,,,Weekly reports from the Smithsonian-River Basin Surveys work from June 1966,"The copyright interests in this item remain with the creator. For more information, contact Special Collections at special@utk.edu.","University of Tennessee, Knoxville. Special Collections",Dr. William M. Bass III Collection, MS.3689,"The University of Tennessee, Knoxville. Libraries",http://digital.lib.utk.edu/mpds/data/bass/0012_003602_000265/0012_003602_000265_0001.jpg.t.jpg,2015-01-08T02:57:30Z
0012_003602_000233,39SL4,,,,,,,,,,,,,,Excavations (Archaeology),Indians of North America,Sully Site,Corson County (S.D.),,,,Oahe Reservoir Site (N.D. and S.D.),,,,,,,,,,,,,,Smithsonian Institution,,,,,,http://digital.lib.utk.edu/mpds/?ckey=bass&iid=2099,text,manuscripts,1963,1963,,,,"Bass Field Notes, 39SL4, 1963","Bass, William M., 1928-",creator,,,,,,,,,,,,,,,,,,,,,,,,,,,,,,,,,,,,,,,,,,,,,,,,,,,,,,,,,,,,,,,,,,,,,,,,,,,,,,,Photographs of burials taken at the Oahe Reservoir Site and Sully Site.,"The copyright interests in this item remain with the creator. For more information, contact Special Collections at special@utk.edu.","University of Tennessee, Knoxville. Special Collections",Dr. William M. Bass III Collection, MS.3689,"The University of Tennessee, Knoxville. Libraries",http://digital.lib.utk.edu/mpds/data/bass/0012_003602_000233/0012_003602_000233_0001.jpg.t.jpg,2015-01-08T02:57:30Z
0012_003602_000259,39WW2,,,,,,,,,,,,,,Excavations (Archaeology),Indians of North America,Larson Site (S.D.),,,,,Walworth County (S.D.),,,,,,,,,,,,,,River Basin Surveys,University of Kansas.  Department of Anthropology.,Museum of Natural History (U.S.),,,,http://digital.lib.utk.edu/mpds/?ckey=bass&iid=2124,text,manuscripts,1977 July,1977-07,,,,"Bass Field Notes, 39WW2, 1977 July","Bass, William M., 1928-",creator,"Copy of field notes and burial forms, 39WW2, F.301",,,,,,,,,,,,,,,,,,,,,,,,,,,,,,,,,,,,,,,,,,,,,,,,,,,,,,,,,,,,,,,,,,,,,,,,,,,,,,"Burial forms, diagrams and hand-written notes from the Larson Site (39WW2)","The copyright interests in this item remain with the creator. For more information, contact Special Collections at special@utk.edu.","University of Tennessee, Knoxville. Special Collections",Dr. William M. Bass III Collection, MS.3689,"The University of Tennessee, Knoxville. Libraries",http://digital.lib.utk.edu/mpds/data/bass/0012_003602_000259/0012_003602_000259_0001.jpg.t.jpg,2015-01-08T02:57:30Z
0012_003602_000253,39WW2,,,,,,,,,,,,,,Excavations (Archaeology),Indians of North America,Larson Site (S.D.),,,,,Walworth County (S.D.),,,,,,,,,,,,,,River Basin Surveys,,,,,,http://digital.lib.utk.edu/mpds/?ckey=bass&iid=2119,text,manuscripts,1967,1967,,,,"Bass Field Notes, 39WW2, 1967","Bass, William M., 1928-",creator,"Smithsonian Institution River Basin Surveys Burial form, F201 39WW2",,,,,,,,,,,,,,,,,,,,,,,,,,,,,,,,,,,,,,,,,,,,,,,,,,,,,,,,,,,,,,,,,,,,,,,,,,,,,,"Burial forms, diagrams and handwritten notes from the Larson Site, 201, (39WW2)","The copyright interests in this item remain with the creator. For more information, contact Special Collections at special@utk.edu.","University of Tennessee, Knoxville. Special Collections",Dr. William M. Bass III Collection, MS.3689,"The University of Tennessee, Knoxville. Libraries",http://digital.lib.utk.edu/mpds/data/bass/0012_003602_000253/0012_003602_000253_0001.jpg.t.jpg,2015-01-08T02:57:30Z
0012_003602_000249,39WW2,,,,,,,,,,,,,,Excavations (Archaeology),Indians of North America,Larson Site (S.D.),,,,,Walworth County (S.D.),,,,,,,,,,,,,,University of Kansas. Department of Anthropology,,,,,,http://digital.lib.utk.edu/mpds/?ckey=bass&iid=2115,text,manuscripts,1965-1966,1965,1966,,,"Bass Field Notes, 39WW2, 1965-1966","Bass, William M., 1928-",creator,Field notes for the Larson Site (39WW2),,,,,,,,,,,,,,,,,,,,,,,,,,,,,,,,,,,,,,,,,,,,,,,,,,,,,,,,,,,,,,,,,,,,,,,,,,,,,,Collection of handwritten notes taken at the Larson Site.,"The copyright interests in this item remain with the creator. For more information, contact Special Collections at special@utk.edu.","University of Tennessee, Knoxville. Special Collections",Dr. William M. Bass III Collection, MS.3689,"The University of Tennessee, Knoxville. Libraries",http://digital.lib.utk.edu/mpds/data/bass/0012_003602_000249/0012_003602_000249_0001.jpg.t.jpg,2015-01-08T02:57:30Z
0012_003602_000271,39PO1,39PO207,39HU48,39ST55,39DV0233,39LM209,39ST202,39CO34,39CO14,48BH206,14MH2,14OS314,5DO201,39DW234,Excavations (Archaeology),Indians of North America,Steamboat Creek Site,Second Hand Site,Beached Bone Site,Antelope Creek Site,Salt-Wahoo Watershed (Neb.),Pony Creek Watershed Site (Iowa),Sully Site (S.D.),Arcadia Dam (Okla.),Langdeau Site.,Medicine Creek Site (Neb.),Medicine Creek Valley (Neb.),LeCompte Creek Site,Fort George Site,Oak Creek Site,Bighorn Lake (Mont. and Wyo.),Missouri Breaks (Mont.),Blue Rapids (Kan.),Harsett Site (Kan.),Molstad Village Site (S.D.),Missouri River Basin Project (U.S.),River Basin Surveys,University of Kansas.  Department of Anthropology,,,,http://digital.lib.utk.edu/mpds/?ckey=bass&iid=2135,text,manuscripts,1962 (summer),1962-22,,,,"Bass Field Notes, MBP:  39SL4, 1962 (summer)","Bass, William M., 1928-",creator,"MBP Weekly progress reports Summer, 1962",,,Report of Party no. 10 - Sully Burial Party 1962 field season,"Bass, William M. 1928-",creator,"Archeological progress report no.7, Field season of 1962 October, 1962",,,"1962 Missouri Basin Project weekly report, Party no.1 - Salt-Wahoo Watershed Report no.1 ; April 5-6, 1962","Neuman, Robert W.",creator,"1962 Missouri Basin Project weekly report ; Party no.2 - Pony Creek Site, Report no.1-4 ; May 1-25, 1962 (Two copies of report no.4)","Brown, Lionel A.",creator,"1962 Missouri Basin Project weekly report; Party no.3, Report no.1 ; May 1-4, 1962",,,"1962 Missouri Basin Project weekly report ; Party no.3 - Fort Sully Site, Report no.1 ; May 13-18, 1962","Smith, G. Hubert (George Hubert), 1908-1972",creator,"1962 Missouri Basin Project weekly report ; Party no.4 - Arcadia Dam, Report no.1 ; May 19, 1962","Smith, G. Hubert (George Hubert), 1908-1972",creator,"1962 Missouri Basin Project weekly report; Parties no.7 & 8, Langdeau & Medicine Creek sites, Report no.1-5, 7; June 9-July 7, 23,1962 (Two copies of Report no.1)","Caldwell, Warren W. (Warren Wendell)",creator,"1962 Missouri Basin Project weekly report; Party no.10 - Sully Burial Party, Report no.1, 3-7 ; June 9, 22-July 20, 1962 (Two copies of Report no.1)","Bass, William M., 1928-",creator,"1962 Missouri Basin Project weekly report ; Parties no.5 & 6 - Lecompte Creek and burial mounds, Report no.2, 4-6; June 22, July 6-20 1962","Neuman, Robert W.",creator,"1962 Missouri Basin Project weekly report; Party no.7 - Langdeau, Report no.2-5, 7; June 11-July 7, 20, 1962","Jensen, Richard E.",creator,"1962 Missouri Basin Project weekly report; Party no.8 - Medicine Creek, Report no.2-5, 7 ; June 11-July 7, 20, 1962","Carter, Richard T. (Richard Thomas), 1941-",creator,"1962 Missouri Basin Project weekly report; Party no.9 - Fort George, Report no.2-6; June 22-July 21, 1962","Smith, G. Hubert (George Hubert), 1908-1972",creator,"1962 Missouri Basin Project weekly report; Party no.11 -- Oak Creek, Report no.1-6, June 24-July 20, 1962","Bowers, Alfred W.",creator,"1962 Missouri River Basin project weekly report; Party no. 13 - Lower Yellowtail, Report no.2-4, 6; June 22-July 6, 20 1962","Brown, Lionel A.",creator,"1962 Missouri Basin Project weekly report; Party no. 14 - Yellowtail Reservoir, Report no.2-6; June 22-July 20, 1962","Husted, Wilfred M.",creator,"1962 Missouri Basin Project weekly report; Party no. 15 - Missouri Breaks, Report no.2-4, 6; June 22-July 6, 21 1962","Mallory, Oscar L.",creator,"1962 Missouri Basin Project weekly report; Party no. 16 - Blue Rapids, Kansas, Report no.1-5; June 22-July 21, 1962","Miller, Carl F. (Carl Frederick), 1906-1994",creator,"University of Kansas Field party, Report no.2-6; June 22-July 21, 1962","Birkby, Walter H.",creator,"University of Kansas Field party, Report no.2-6; June 22-July 21, 1962","Smith, Carlyle S. (Carlyle Shreeve), 1915-1993",creator,"Smithsonian Field Party, Report no.1-3, 5; June 12-July 7, 20, 1962","Wedel, Waldo R. (Waldo Rudolph), 1908-1996",creator,"1962 Missouri Basin Project weekly report, news from the office, Report no.1-3; July 2-16, 1962","Stephenson, Robert L. (Robert Lloyd), 1919-",creator,Special bulletin,"Stephenson, Robert L. (Robert Lloyd), 1919-",creator,"1962 Missouri Basin Project weekly report, Party no.12 - Minneapolis, Report no.1 ; July 20, 1962","Helmen, Vernon R.",creator,"Smithsonian Field Party, Report no.5; July 20, 1962","Metcalf, George, 1900-1975",creator,"MBP Weekly progress reports Summer, 1962","The copyright interests in this item remain with the creator. For more information, contact Special Collections at special@utk.edu.","University of Tennessee, Knoxville. Special Collections",Dr. William M. Bass III Collection, MS.3689,"The University of Tennessee, Knoxville. Libraries",http://digital.lib.utk.edu/mpds/data/bass/0012_003602_000271/0012_003602_000271_0001.jpg.t.jpg,2015-01-08T02:57:30Z
0012_003602_000240,39WW1,,,,,,,,,,,,,,Excavations (Archaeology),Indians of North America,Mobridge Site (S.D.),,,,,Walworth County (S.D.),,,,,,,,,,,,,,University of Kansas.  Department of Anthropology, ,,,,,http://digital.lib.utk.edu/mpds/?ckey=bass&iid=2106,text,manuscripts,1969-06-18, ,1969-08-14,,,"Bass Field Notes, 39WW1, 1969","Bass, William M., 1928-",creator,Official journal of the 1969 Kansas University Physical Anthropological field party,"Willey, Patrick S.",creator,,,,,,,,,,,,,,,,,,,,,,,,,,,,,,,,,,,,,,,,,,,,,,,,,,,,,,,,,,,,,,,,,,,,,,,,,,,,Handwritten journal of Patrick S. Willey in 1969,"The copyright interests in this item remain with the creator. For more information, contact Special Collections at special@utk.edu.","University of Tennessee, Knoxville. Special Collections",Dr. William M. Bass III Collection, MS.3689,"The University of Tennessee, Knoxville. Libraries",http://digital.lib.utk.edu/mpds/data/bass/0012_003602_000240/0012_003602_000240_0001.jpg.t.jpg,2015-01-08T02:57:30Z
0012_003602_000251,39WW2,,,,,,,,,,,,,,Excavations (Archaeology),Indians of North America,Larson Site Cemetery (S.D.),,,,,Walworth County (S.D.),,,,,,,,,,,,,,"University of Tennessee, Knoxville. Department of Anthropology",University of Nebraska--Lincoln. Division of Archeological Research,University of Kansas. Department of Anthropology,Museum of Natural History (U.S.),River Basin Surveys,,http://digital.lib.utk.edu/mpds/?ckey=bass&iid=2117,text,manuscripts,"1966, 1979",1966,1979,,,"Bass Field Notes, 39WW2, 1966, 1979","Bass, William M., 1928-",creator,"Larson Site Cemetary (39WW2), South Dakota","Lueck, Edward J.",creator,,"Deitrick, Lynn Meredith",recipient,Larson Site Cemetery (39WW2) South Dakota Feature Burial Description (Burial Forms) Description (Burial Inventory,,,University of Kansas Department of Anthropology and Museum of Natural History Burial Record ,,,Smithsonian Institution River Basin Surveys Burial Form Feature F101,,,,,,,,,,,,,,,,,,,,,,,,,,,,,,,,,,,,,,,,,,,,,,,,,,,,,,,,,,,,,,,,,,Letter to Deitrick from Lueck along with information and burial forms about the Larson Site.,"The copyright interests in this item remain with the creator. For more information, contact Special Collections at special@utk.edu.","University of Tennessee, Knoxville. Special Collections",Dr. William M. Bass III Collection, MS.3689,"The University of Tennessee, Knoxville. Libraries",http://digital.lib.utk.edu/mpds/data/bass/0012_003602_000251/0012_003602_000251_0001.jpg.t.jpg,2015-01-08T02:57:30Z
0012_003602_000270,14CY30,39LM232,39CO19,5DA801,25FT31,39BF225,39BF225,5DA201,,,,,,,Excavations (Archaeology),Indians of North America,Agate Basin Site (Wyo.),Niobara County (Wyo.),Woods Site (Kan.),Pretty Head Site (S.D.),Potts Village Site (S.D.),Corson County (S.D.),Hugh Butler Lake (Neb.),Sully Site (S.D.),Sully County (S.D.),,,,,,,,,,,Missouri River Basin Project (U.S.),United States. National Park Service,River Basin Surveys,Nebraska State Historical Society,South Dakota State University,,http://digital.lib.utk.edu/mpds/?ckey=bass&iid=2134,text,manuscripts,1961 (summer),1961-22,,,,"Bass Field Notes, MBP:  39SL4, 1961 (summer)","Bass, William M., 1928-",creator,"M.B.P. Weekly Progress Report, Summer 1961",,,"Missouri Basin Project Weekly Reports, 1961",,,Archeological progress report no.6 Field Season 1961,,,"Missouri Basin Weekly Report no.1-4, May 25-June 17, 1961 (Multiple copies of each report)","Neuman, Robert W.",creator,"Missouri Basin Weekly Report no.3-4, June 13-24, 1961","Caldwell, Warren W. (Warren Wendell)",creator,"Missouri Basin Weekly Report no.4, June 8-16, 1961","Bass, William M., 1928-",creator,"Missouri River Basin Weekly Report no.4, June 6-18, 1961","Metcalf, George, 1900-1975",creator,"Missouri Basin Weekly Report, Party no.4, June 19-July 15, August 11-31, 1961 (Two copies of some reports)","Stephenson, Robert L. (Robert Lloyd), 1919-",creator,"Missouri Basin Weekly Report Agate Basin Party, June 17-August 3, 1961","Bass, William M., 1928-",creator,"Missouri Basin Weekly Report Field Party no.2, June 26-30, July 30-September 9,1961","Neuman, Robert W.",creator,"Missouri Basin Weekly Report, Field Party no.3, June 26-August 23, 1961","Caldwell, Warren W. (Warren Wendell)",creator,"Missouri Basin Weekly Report SI - NSF Field Party, June 24-August 12, 1961","Metcalf, George, 1900-1975",creator,"Missouri Basin Weekly Report KSHS Field Party, June 19, 1961","Witty, Thomas A.",creator,"Missouri Basin Weekly Report Field Party no.2, July 1-28, 1961","Buckles, William G.",creator,"Missouri Basin Weekly Report Nebraska State Historical Society Field Party, Red Willow Reservoir, July 10, 1961","Grange, Roger T.",creator,"Missouri Basin Weekly Report Field Party no.4, July 15-28, 1961","Madison, Lee G.",creator,"Missouri Basin Weekly Report, Field Party No.5, August 11-18, 1961","Bass, William M., 1928-",creator,"Missouri Basin Weekly Report, July 31, 1961","Hurt, Wesley R. (Wesley Robert), 1917-1997",creator,"Missouri Basin Weekly Report SI - USNM Party August 11-35, 1961","Metcalf, George, 1900-1975",creator ,,,,,,,,,,,,,,,,,,,,,,"M.B.P. Weekly Progress Report, Summer 1961","The copyright interests in this item remain with the creator. For more information, contact Special Collections at special@utk.edu.","University of Tennessee, Knoxville. Special Collections",Dr. William M. Bass III Collection, MS.3689,"The University of Tennessee, Knoxville. Libraries",http://digital.lib.utk.edu/mpds/data/bass/0012_003602_000270/0012_003602_000270_0001.jpg.t.jpg,2015-01-08T02:57:30Z
0012_003602_000234,39SL4,,,,,,,,,,,,,,Excavations (Archaeology),Indians of North America,Sully Site,,,,,"Oahe Reservoir, South Dakota",,,,,,,,,,,,,, , ,,,,,http://digital.lib.utk.edu/mpds/?ckey=bass&iid=2100,text,manuscripts,1969-1970,1969,1970,,,"Bass Field Notes, 39SL4, 1969-1970","Bass, William M., 1928-",creator,"Academic year 1969-70, storage of skeletons work plans","Bass, William M., 1928-",creator,,,,,,,,,,,,,,,,,,,,,,,,,,,,,,,,,,,,,,,,,,,,,,,,,,,,,,,,,,,,,,,,,,,,,,,,,,,,Directions of how to store archaeological specimens.,"The copyright interests in this item remain with the creator. For more information, contact Special Collections at special@utk.edu.","University of Tennessee, Knoxville. Special Collections",Dr. William M. Bass III Collection, MS.3689,"The University of Tennessee, Knoxville. Libraries",http://digital.lib.utk.edu/mpds/data/bass/0012_003602_000234/0012_003602_000234_0001.jpg.t.jpg,2015-01-08T02:57:30Z
0012_003602_000247,39WW2,,,,,,,,,,,,,,Excavations (Archaeology),Indians of North America,Larson Site (S.D.),Walworth County (S.D.),,,, ,,,,,,,,,,,,,,University of Kansas. Department of Anthropology,,,,,,http://digital.lib.utk.edu/mpds/?ckey=bass&iid=2113,text,manuscripts,1977 July,1977-07,,,,"Bass Field Notes, 39WW2, 1977 July","Bass, William M., 1928-",creator,Copy of the catalogue for 39WW2 F.101 ,"Willey, Patrick S.",creator,,,,,,,,,,,,,,,,,,,,,,,,,,,,,,,,,,,,,,,,,,,,,,,,,,,,,,,,,,,,,,,,,,,,,,,,,,,,Copy of a catalogue of archaeological specimens found at the Sully Site ,"The copyright interests in this item remain with the creator. For more information, contact Special Collections at special@utk.edu.","University of Tennessee, Knoxville. Special Collections",Dr. William M. Bass III Collection, MS.3689,"The University of Tennessee, Knoxville. Libraries",http://digital.lib.utk.edu/mpds/data/bass/0012_003602_000247/0012_003602_000247_0001.jpg.t.jpg,2015-01-08T02:57:30Z
0012_003602_000204,16IB3,,,,,,,,,,,,,,Excavations (Archaeology),Indians of North America,Morton Shell Mound (La.),Iberia Parish (La.),Weeks Island (La.),,, ,,,,,,,,,,,,,,Louisiana State University,University of Kansas. Department of Anthropology,University of Southwestern Louisiana,,,,http://digital.lib.utk.edu/mpds/?ckey=bass&iid=2070,text,manuscripts,1970-1971,1970,1971,,,"Bass Field Notes, 16IB3, 1970-1971","Bass, William M., 1928-",creator,"Review of the anthropological investigations into Morton Shell Mound, Weeks Island, Louisiana during the 1970 expedition","Meditz, David A.",creator,,"Gibson, Jon L.",creator,"Archaeological investigations at the Morton Shell Mound, Weeks Island, Iberia Parish, Louisiana -- Abstract",,,"University of Kansas Laboratory of Physical Anthropology Burial record, Site No. 16IB3",,,,,,,,,,,,,,,,,,,,,,,,,,,,,,,,,,,,,,,,,,,,,,,,,,,,,,,,,,,,,,,,,,,,,"Letter, abstract of work, burial forms for Morton Shell Mound (16IB3) site","The copyright interests in this item remain with the creator. For more information, contact Special Collections at special@utk.edu.","University of Tennessee, Knoxville. Special Collections",Dr. William M. Bass III Collection, MS.3689,"The University of Tennessee, Knoxville. Libraries",http://digital.lib.utk.edu/mpds/data/bass/0012_003602_000204/0012_003602_000204_0001.jpg.t.jpg,2015-01-08T02:57:30Z
0012_003602_000230,39SL4,,,,,,,,,,,,,,Excavations (Archaeology),Indians of North America,Sully Site (S.D.),Sully County (S.D.),Oahe Reservoir Site (N.D. and S.D.),,, ,,,,,,,,,,,,,,River Basin Surveys,"University of Tennessee, Knoxville. Department of Anthropology", ,,,,http://digital.lib.utk.edu/mpds/?ckey=bass&iid=2096,text,manuscripts,"1962, 1973",1962,,,,"Bass Field Notes, 39SL4, 1962","Bass, William M., 1928-",creator,Smithsonian Institution River Basin Surveys Burial Form; Site no. 39SL4-R1865,"Bass, William M., 1928-",creator,"Burial 119E of F421; 39SL4 Sully County, S. Dakota","Hall, Barbara",creator,,,,,,,,,,,,,,,,,,,,,,,,,,,,,,,,,,,,,,,,,,,,,,,,,,,,,,,,,,,,,,,,,,,,,,,,,Burial forms for the Sully Site (39SL4) and another publication about the site,"The copyright interests in this item remain with the creator. For more information, contact Special Collections at special@utk.edu.","University of Tennessee, Knoxville. Special Collections",Dr. William M. Bass III Collection, MS.3689,"The University of Tennessee, Knoxville. Libraries",http://digital.lib.utk.edu/mpds/data/bass/0012_003602_000230/0012_003602_000230_0001.jpg.t.jpg,2015-01-08T02:57:30Z
0012_003602_000237,39SL4,,,,,,,,,,,,,,Excavations (Archaeology),Indians of North America,Sully Site (S.D.),Sully County (S.D.),,,, ,,,,,,,,,,,,,,University of Kansas. Department of Anthropology,National Park Service (U.S.),,,,,http://digital.lib.utk.edu/mpds/?ckey=bass&iid=2103,text,manuscripts,"1965, 1968, 1991",1965,1991,,,"Bass Field Notes, 39SL4, 1965, 1968, 1991","Bass, William M., 1928-",creator,,"Logan, Wilfred D. (Wilfred David), 1923-1991",recipient,,"Bass, William M., 1928-",creator,"Physical anthropology of the Sully Site, 39SL4, Sully County, South Dakota","Bass, William M., 1923-",creator,,"Gage, Guy",recipient,,"Braun, David P.",recipient,"Intracemetery morphological variations in Arikara crania from the Sully Site (39SL4), Sully County South Dakota","Owsley, Douglas W.",creator,"Intracemetery morphological variations in Arikara crania from the Sully Site (39SL4), Sully County South Dakota","Jantz, Richard L.",creator,In their own words,"Lawrence, Jenny",creator,,,,,,,,,,,,,,,,,,,,,,,,,,,,,,,,,,,,,,,,,,,,,,,,,,,,,,,"Letters about the Physical Anthropology of the Sully Site, along with different drafts of the publication","The copyright interests in this item remain with the creator. For more information, contact Special Collections at special@utk.edu.","University of Tennessee, Knoxville. Special Collections",Dr. William M. Bass III Collection, MS.3689,"The University of Tennessee, Knoxville. Libraries",http://digital.lib.utk.edu/mpds/data/bass/0012_003602_000237/0012_003602_000237_0001.jpg.t.jpg,2015-01-08T02:57:30Z
0012_003602_000254,39WW2,,,,,,,,,,,,,,Excavations (Archaeology),Indians of North America,Larson Cemetery Site (S.D.),Walworth County (S.D.),,,, ,,,,,,,,,,,,,,Smithsonian Institution,,,,,,http://digital.lib.utk.edu/mpds/?ckey=bass&iid=2120,text,manuscripts,1967,1967,,,,"Bass Field Notes, 39WW2, 1967","Bass, William M., 1928-",creator,"39WW2 artifact descriptions, 1967 season ; 39WW2 Catalog, 1967; F. 201, B. 1-66","Bass, William M., 1928-",creator,,,,,,,,,,,,,,,,,,,,,,,,,,,,,,,,,,,,,,,,,,,,,,,,,,,,,,,,,,,,,,,,,,,,,,,,,,,,Handwritten descriptions of the artifacts found at the Larson site.,"The copyright interests in this item remain with the creator. For more information, contact Special Collections at special@utk.edu.","University of Tennessee, Knoxville. Special Collections",Dr. William M. Bass III Collection, MS.3689,"The University of Tennessee, Knoxville. Libraries",http://digital.lib.utk.edu/mpds/data/bass/0012_003602_000254/0012_003602_000254_0001.jpg.t.jpg,2015-01-08T02:57:30Z
0012_003602_000243,39WW1,39CA4,,,,,,,,,,,,,Excavations (Archaeology),Indians of North America,Mobridge Site (S.D.),Walworth County (S.D.),Anton Rygh Site (S.D.),Campbell County (S.D.),, ,,,,,,,,,,,,,,University of Kansas. Department of Anthropology,,,,,,http://digital.lib.utk.edu/mpds/?ckey=bass&iid=2109,text,manuscripts,1970,1970,,,,"Bass Field Notes, 39WW1 (39CA4), 1970","Bass, William M., 1928-",creator,"1970 - air, miscellaneous and general photos",,,"University of Kansas Laboratory of Physical Anthropology Burial Record, Site no. 39WW1, 1970","Bass, William M., 1928-",creator,"University of Kansas Laboratory Burial records 39CA4, 1970","Bass, William M., 1928-",creator,Official journal of the 1970 University of Kansas Anthropological field party,,,Pat Willey's field record for Summer 1970,"Willey, Patrick S.",creator,,,,,,,,,,,,,,,,,,,,,,,,,,,,,,,,,,,,,,,,,,,,,,,,,,,,,,,,,,,,,,,,Burial records from the Mobridge Site (39WW1) and the Rygh Site (39CA4) along with handwritten journals for the season.,"The copyright interests in this item remain with the creator. For more information, contact Special Collections at special@utk.edu.","University of Tennessee, Knoxville. Special Collections",Dr. William M. Bass III Collection, MS.3689,"The University of Tennessee, Knoxville. Libraries",http://digital.lib.utk.edu/mpds/data/bass/0012_003602_000243/0012_003602_000243_0001.jpg.t.jpg,2015-01-08T02:57:30Z
0012_003602_000206,39CA4,,,,,,,,,,,,,,Excavations (Archaeology),Indians of North America,Anton Rygh Site (S.D.),Campbell County (S.D.),,,, ,,,,,,,,,,,,,,University of Kansas.  Department of Anthropology,University of Idaho. Department of Sociology/Anthropology,,,,,http://digital.lib.utk.edu/mpds/?ckey=bass&iid=2072,text,manuscripts,1964-1974,1964,1974,,,"Bass Field Notes, 39CA4, 1964-1974","Bass, William M., 1928-",creator,"The salvage of human skeletal material from the Rygh Site, 39CA4 Campbell County, South Dakota","Bass, William M., 1928-",creator,,"Knudson, Ruthann",recipient,,"Bass, William M., 1933-",creator,"Skeletal material from the Rygh Site, 39CA4: a preliminary report","Bass, William M., 1928-",creator,,,,,,,,,,,,,,,,,,,,,,,,,,,,,,,,,,,,,,,,,,,,,,,,,,,,,,,,,,,,,,,,,,,The Salvage of human skeletal material from the Rygh Site ... in final form and different drafts along with letters to and from Ruthann Knudson.,"The copyright interests in this item remain with the creator. For more information, contact Special Collections at special@utk.edu.","University of Tennessee, Knoxville. Special Collections",Dr. William M. Bass III Collection, MS.3689,"The University of Tennessee, Knoxville. Libraries",http://digital.lib.utk.edu/mpds/data/bass/0012_003602_000206/0012_003602_000206_0001.jpg.t.jpg,2015-01-08T02:57:30Z
0012_003602_000216,39CO9,,,,,,,,,,,,,,Excavations (Archaeology),Indians of North America,Leavenworth Village Site (S.D.),Corson County (S.D.),,,, ,,,,,,,,,,,,,,University of Kansas. Department of Anthropology,Museum of Natural History (U.S.),,,,,http://digital.lib.utk.edu/mpds/?ckey=bass&iid=2082,text,manuscripts,1965 (circa),1965,,approximate,,"Bass Field Notes, 39CO9, 1965 (circa)","Bass, William M., 1928-",creator,"University of Kansas Department of Anthropology and Museum of Natural History Archaeological Photographic record, burials at 39CO9","Bass, William M., 1938-",creator,,,,,,,,,,,,,,,,,,,,,,,,,,,,,,,,,,,,,,,,,,,,,,,,,,,,,,,,,,,,,,,,,,,,,,,,,,,,List of photographs of burials taken at the Leavenworth Site (39CO9),"The copyright interests in this item remain with the creator. For more information, contact Special Collections at special@utk.edu.","University of Tennessee, Knoxville. Special Collections",Dr. William M. Bass III Collection, MS.3689,"The University of Tennessee, Knoxville. Libraries",http://digital.lib.utk.edu/mpds/data/bass/0012_003602_000216/0012_003602_000216_0001.jpg.t.jpg,2015-01-08T02:57:30Z
0012_003602_000226,39SL4,,,,,,,,,,,,,,Excavations (Archaeology),Indians of North America,Sully Site (S.D.),Sully County (S.D.),,,, ,,,,,,,,,,,,,,Smithsonian Institution,,,,,,http://digital.lib.utk.edu/mpds/?ckey=bass&iid=2092,text,manuscripts,1956-1958,1956,1958,,,"Bass Field Notes, 39SL4, 1956-1958","Bass, William M., 1928-",creator,,,,,,,,,,,,,,,,,,,,,,,,,,,,,,,,,,,,,,,,,,,,,,,,,,,,,,,,,,,,,,,,,,,,,,,,,,,,,,,"Black and white pictures of burial sites at the Sully Site, 39SL4","The copyright interests in this item remain with the creator. For more information, contact Special Collections at special@utk.edu.","University of Tennessee, Knoxville. Special Collections",Dr. William M. Bass III Collection, MS.3689,"The University of Tennessee, Knoxville. Libraries",http://digital.lib.utk.edu/mpds/data/bass/0012_003602_000226/0012_003602_000226_0001.jpg.t.jpg,2015-01-08T02:57:30Z
0012_003602_000267,32SI19,13WA105,13BN6,13BN201,,,,,,,,,,,Excavations (Archaeology),Indians of North America,Cannonball Site (N.D.),Cannon Ball (N.D.),Saylorville Site (Iowa),Saylorville Lake (Iowa),Cribb's Crib Site (Iowa),Des Moines River Valley,,,,,,,,,,,,,,River Basin Surveys,Iowa State University. Department of Anthropology, United States. National Park Service,,,,http://digital.lib.utk.edu/mpds/?ckey=bass&iid=2131,text,manuscripts,1968,1968,,,,"Bass Field Notes, MBP:  39SL4, 1968","Bass, William M., 1928-",creator,River Basin Surveys weekly reports,,,"River Basin Surveys weekly report Cannonball Party, Report no.1-2, 4-9; June 21-28, July 12-August 16, 1968","Johnston, Richard B.(Richard Barnett), 1930-",creator,"Iowa State University - National Park Service Saylorville & Red Rock Archaeological Projects, weekly reports no.1-9; June 14-August 4, 1968","Gradwohl, David M., 1934-",creator,"River Basin Surveys weekly report Cannonball Party, Report no.3 ; July 6, 1968","Hoffman, J. J. (John Jacob), 1931-",creator,"Smithsonian Institution Riverbasin Surveys Archeological progress report no.13, Field season of 1968; November, 1968",,,,,,,,,,,,,,,,,,,,,,,,,,,,,,,,,,,,,,,,,,,,,,,,,,,,,,,,,,,,,,,,,,"Weekly reports of the Cannonball, Saylorville and Red Rock groups","The copyright interests in this item remain with the creator. For more information, contact Special Collections at special@utk.edu.","University of Tennessee, Knoxville. Special Collections",Dr. William M. Bass III Collection, MS.3689,"The University of Tennessee, Knoxville. Libraries",http://digital.lib.utk.edu/mpds/data/bass/0012_003602_000267/0012_003602_000267_0001.jpg.t.jpg,2015-01-08T02:57:30Z
0012_003602_000213,39CA4,39BF225-256,,,,,,,,,,,,,Excavations (Archaeology),Indians of North America,Sitting Crow Site (S.D.),Buffalo County (S.D.),,,, ,,,,,,,,,,,,,,Smithsonian Institution,,,,,,http://digital.lib.utk.edu/mpds/?ckey=bass&iid=2079,text,manuscripts,undated,1839,2011,inferred,Dates inferred from archival collection dates.,"Bass Field Notes, 39CA4 (39BF225-256), undated","Bass, William M., 1928-",creator,Table 1. Human skeletal material attributed to woodland component at the Sitting Crow Site,,,,,,,,,,,,,,,,,,,,,,,,,,,,,,,,,,,,,,,,,,,,,,,,,,,,,,,,,,,,,,,,,,,,,,,,,,,,,,Lists and drawings of bones with sketches of teeth and bones,"The copyright interests in this item remain with the creator. For more information, contact Special Collections at special@utk.edu.","University of Tennessee, Knoxville. Special Collections",Dr. William M. Bass III Collection, MS.3689,"The University of Tennessee, Knoxville. Libraries",http://digital.lib.utk.edu/mpds/data/bass/0012_003602_000213/0012_003602_000213_0001.jpg.t.jpg,2015-01-08T02:57:30Z
0012_003602_000250,39WW2,39CA4,,,,,,,,,,,,,Excavations (Archaeology),Indians of North America,Larson Site (S.D.),Walworth County (S.D.),Anton Rygh Site (S.D.),Campbell County (S.D.),"Oahe, Lake (S.D. and N.D.)", ,,,,,,,,,,,,,,University of Kansas.  Department of Anthropology,Museum of Natural History (U.S.),River Basin Surveys,,,,http://digital.lib.utk.edu/mpds/?ckey=bass&iid=2116,text,manuscripts,1966,1966,,,,"Bass Field Notes, 39WW2, 1966","Bass, William M., 1928-",creator,"University of Kansas Department of Anthropology and Museum of Natural History Burial record, 39WW2, Larson Site","Bass, William M., 1928-",creator,"University of Kansas Department of Anthropology and Museum of Natural History, Site no.39CA4 (Rygh Site)","Bass, William M., 1938-",creator,,,,,,,,,,,,,,,,,,,,,,,,,,,,,,,,,,,,,,,,,,,,,,,,,,,,,,,,,,,,,,,,,,,,,,,,,Burial records and handwritten journals from the Larson Site and Rygh Site,"The copyright interests in this item remain with the creator. For more information, contact Special Collections at special@utk.edu.","University of Tennessee, Knoxville. Special Collections",Dr. William M. Bass III Collection, MS.3689,"The University of Tennessee, Knoxville. Libraries",http://digital.lib.utk.edu/mpds/data/bass/0012_003602_000250/0012_003602_000250_0001.jpg.t.jpg,2015-01-08T02:57:30Z
0012_003602_000202,14MD401,,,,,,,,,,,,,,Excavations (Archaeology),Indians of North America,Conrad Site (Kan.),Fowler (Kan.),Meade County (Kan.),,,"Fowler, Kansas",,,,,,,,,,,,,,University of Kansas.  Department of anthropology,,,,,,http://digital.lib.utk.edu/mpds/?ckey=bass&iid=2068,text,manuscripts,1970 October 18,1970-10-18,,,,"Bass Field Notes, 14MD401, 1970 October 18","Bass, William M., 1928-",creator,,,,,,,,,,,,,,,,,,,,,,,,,,,,,,,,,,,,,,,,,,,,,,,,,,,,,,,,,,,,,,,,,,,,,,,,,,,,,,,Handwritten notes and maps of the 14MD401 Conrad Site,"The copyright interests in this item remain with the creator. For more information, contact Special Collections at special@utk.edu.","University of Tennessee, Knoxville. Special Collections",Dr. William M. Bass III Collection, MS.3689,"The University of Tennessee, Knoxville. Libraries",http://digital.lib.utk.edu/mpds/data/bass/0012_003602_000202/0012_003602_000202_0001.jpg.t.jpg,2015-01-08T02:57:30Z
0012_003602_000214,39CA4,39CO9,,,,,,,,,,,,,Excavations (Archaeology),Indians of North America,Leavenworth Site (S.D.),Corson County (S.D.),,,, ,,,,,,,,,,,,,,University of Kansas. Department of Anthropology,,,,,,http://digital.lib.utk.edu/mpds/?ckey=bass&iid=2080,text,manuscripts,undated,1965-08-2, , , ,"Bass Field Notes, 39CA4 (39CO9), undated","Bass, William M., 1928-",creator,"39CO9 Air photo, 8-2-65",,,,,,,,,,,,,,,,,,,,,,,,,,,,,,,,,,,,,,,,,,,,,,,,,,,,,,,,,,,,,,,,,,,,,,,,,,,,,,Envelope containing photographs of 39CO9,"The copyright interests in this item remain with the creator. For more information, contact Special Collections at special@utk.edu.","University of Tennessee, Knoxville. Special Collections",Dr. William M. Bass III Collection, MS.3689,"The University of Tennessee, Knoxville. Libraries",http://digital.lib.utk.edu/mpds/data/bass/0012_003602_000214/0012_003602_000214_0001.jpg.t.jpg,2015-01-08T02:57:30Z
0012_003602_000246,39WW2,,,,,,,,,,,,,,Excavations (Archaeology),Indians of North America,Larson Site (S.D.),Walworth County (S.D.),,,, ,,,,,,,,,,,,,,University of Kansas Department of Anthropology,,,,,,http://digital.lib.utk.edu/mpds/?ckey=bass&iid=2112,text,manuscripts,1966-1968,1966,1968,,,"Bass Field Notes, 39WW2, 1966-1968","Bass, William M., 1928-",creator,,,,,,,,,,,,,,,,,,,,,,,,,,,,,,,,,,,,,,,,,,,,,,,,,,,,,,,,,,,,,,,,,,,,,,,,,,,,,,,"Field notes for 39WW2, Larson Site, with handwritten notes and drawn sketches","The copyright interests in this item remain with the creator. For more information, contact Special Collections at special@utk.edu.","University of Tennessee, Knoxville. Special Collections",Dr. William M. Bass III Collection, MS.3689,"The University of Tennessee, Knoxville. Libraries",http://digital.lib.utk.edu/mpds/data/bass/0012_003602_000246/0012_003602_000246_0001.jpg.t.jpg,2015-01-08T02:57:30Z
0012_003602_000209,39CA4,,,,,,,,,,,,,,Excavations (Archaeology),Indians of North America,Anton Rygh Site (S.D.),Campbell County (S.D.),"Oahe, Lake (S.D. and N.D.)",,, ,,,,,,,,,,,,,,River Basin Surveys,,,,,,http://digital.lib.utk.edu/mpds/?ckey=bass&iid=2075,text,manuscripts,1965-1966,1965,1966,,,"Bass Field Notes, 39CA4, 1965-1966","Bass, William M., 1928-",creator,"Smithsonian Institution, River Basin Surveys burial form, 39CA4","Bass, William M., 1938-",creator,3 skulls from Rygh Site 39CA4 donated by Mr. Guy Gage,"Gage, Guy",donor,,,,,,,,,,,,,,,,,,,,,,,,,,,,,,,,,,,,,,,,,,,,,,,,,,,,,,,,,,,,,,,,,,,,,,,,,Burial records for the Rygh Site (39CA4),"The copyright interests in this item remain with the creator. For more information, contact Special Collections at special@utk.edu.","University of Tennessee, Knoxville. Special Collections",Dr. William M. Bass III Collection, MS.3689,"The University of Tennessee, Knoxville. Libraries",http://digital.lib.utk.edu/mpds/data/bass/0012_003602_000209/0012_003602_000209_0001.jpg.t.jpg,2015-01-08T02:57:30Z
0012_003602_000248,39WW2,,,,,,,,,,,,,,Excavations (Archaeology),Indians of North America,Larson Site (S.D.),Walworth County (S.D.),,,, ,,,,,,,,,,,,,, ,,,,,,http://digital.lib.utk.edu/mpds/?ckey=bass&iid=2114,text,manuscripts,1977 July,1977-07,,,,"Bass Field Notes, 39WW2, 1977 July","Bass, William M., 1928-",creator,Specimen catalogue for the Larson Site (39WW2) of burials B.1-B.96,,,,,,,,,,,,,,,,,,,,,,,,,,,,,,,,,,,,,,,,,,,,,,,,,,,,,,,,,,,,,,,,,,,,,,,,,,,,,,Specimen catalogue for the Larson site (39WW2) for burials B.1-B.96 with handwritten notes and drawings,"The copyright interests in this item remain with the creator. For more information, contact Special Collections at special@utk.edu.","University of Tennessee, Knoxville. Special Collections",Dr. William M. Bass III Collection, MS.3689,"The University of Tennessee, Knoxville. Libraries",http://digital.lib.utk.edu/mpds/data/bass/0012_003602_000248/0012_003602_000248_0001.jpg.t.jpg,2015-01-08T02:57:30Z
0012_003602_000235,39SL4,48NO201,,,,,,,,,,,,,Excavations (Archaeology),Indians of North America,Sully Site (S.D.),Sully County (S.D.),Agate Basin Site (Wyo.),Niobara County (Wyo.),, , ,,,,,,,,,,,,, , ,,,,,http://digital.lib.utk.edu/mpds/?ckey=bass&iid=2101,text,manuscripts,"1958, 1961-1962",1958,1962,,,"Bass Field Notes, 39SL4 (48NO201), 1958, 1961-1962","Bass, William M., 1928-",creator,"Bass field journal 1958 (Sully), 1961 (Agate Basin), 1961-1962 (Sully)","Bass, William M., 1928-",creator,,,,,,,,,,,,,,,,,,,,,,,,,,,,,,,,,,,,,,,,,,,,,,,,,,,,,,,,,,,,,,,,,,,,,,,,,,,,"Handwritten field notes from 1958 (Sully), 1961 (Agate Basin), 1961-1962 (Sully)","The copyright interests in this item remain with the creator. For more information, contact Special Collections at special@utk.edu.","University of Tennessee, Knoxville. Special Collections",Dr. William M. Bass III Collection, MS.3689,"The University of Tennessee, Knoxville. Libraries",http://digital.lib.utk.edu/mpds/data/bass/0012_003602_000235/0012_003602_000235_0001.jpg.t.jpg,2015-01-08T02:57:30Z
0012_003602_000207,39CA4,,,,,,,,,,,,,,Excavations (Archaeology),Indians of North America, ,,,,, ,,,,,,,,,,,,,, , ,,,,,http://digital.lib.utk.edu/mpds/?ckey=bass&iid=2073,text,manuscripts,1964-1974,1964,1974,,,"Bass Field Notes, 39CA4, 1964-1974","Bass, William M., 1928-",creator,,,,,,,,,,,,,,,,,,,,,,,,,,,,,,,,,,,,,,,,,,,,,,,,,,,,,,,,,,,,,,,,,,,,,,,,,,,,,,,Frontal and left side pictures of a human skull,"The copyright interests in this item remain with the creator. For more information, contact Special Collections at special@utk.edu.","University of Tennessee, Knoxville. Special Collections",Dr. William M. Bass III Collection, MS.3689,"The University of Tennessee, Knoxville. Libraries",http://digital.lib.utk.edu/mpds/data/bass/0012_003602_000207/0012_003602_000207_0001.jpg.t.jpg,2015-01-08T02:57:30Z
0012_003602_000272,39SL4,24CB221,24CB222,39ST9,39HU213,13ML219,,,,,,,,,Excavations (Archaeology),Indians of North America,Sully Site (S.D.),Sully County (S.D.),Fort Scott (Kan.),Pony Creek Watershed (Iowa),Pony Creek (Iowa),Bighorn Lake (Mont. and Wyo.),"Upper Yellowtail Reservoir Site (Mont, and Wyo.)",Dewey County (S.D.),Milford Lake (Kan.),Gavins Point Dam (Neb. and S.D.),"Sharpe, Lake (S.D.)",Grover Hand Site (S.D.),Red Cloud Agency Site,Hughes County (S.D.),Garrison Diversion Conservancy District (N.D.),,,,,River Basin Surveys,Missouri River Basin Project (U.S.),W.H. Over Museum,Nebraska State Historical Society,National Science Foundation (U.S.),University of Kansas Department of Anthropology,http://digital.lib.utk.edu/mpds/?ckey=bass&iid=2136,text,manuscripts,1963 (summer),1963-22,,,,"Bass Field Notes, MBP:  39SL4, 1963 (summer)","Bass, William M., 1928-",creator,"M.B.P. weekly progress reports, Summer 1963","Bass, William M., 1928-",creator,,"Stephenson, Robert L.(Robert Lloyd), 1919-",recipient,"Archeological progress report no.8, Field season of 1963, December, 1963",,,"Archaeological progress report no.9, Field Season of 1964, November, 1964",,,"1963 Missouri Basin Project weekly report, Party no.1 - Kansas and Nebraska surveys, Report no.1-3, May 10-24, 1963","Brown, Lionel A.",creator,"1963 Missouri Basin Project weekly report Party no.3 - Sully Burial analysis, Report no.1, 3-9, June 7, 22-August 2, 1963","Bass, William M., 1928-",creator,"1963 Missouri Basin Project weekly report Party no.2 - Pony Creek Watershed, Iowa, Report no.1-12, June 14-August 30, 1963","Brown, Lionel A.",creator,"1963 Missouri Basin Project weekly report, Party #5 - Upper Yellowtail Reservoir, Report no.1-12, June 14-July 5-August 30, 1963","Husted, Wilfred M.",creator,"1963 Missouri Basin Project weekly report Party #10 - Dewey County Party, Report no.1-12, June 14-August 30, 1963","Neuman, Robert W.",creator,"1963 Missouri Basin Project weekly report Party #12 - Davis Creek Site, Report no.1-12, June 14-August 30, 1963 [Numbering of the reports is off, went by dates]","Bowers, Alfred W.",creator,"Milford Reservoir Archeological survey, Cooperators' Party A, Report no.1-7, June 14-August 2, 1963 [report numbering is off, going by dates]","Muller, Jon",creator,"1963 Missouri Basin Project weekly report, News from Lincoln, Report no.1-5, June 24-August 12, 1963","Stephenson, Robert L.(Robert Lloyd), 1919-",creator,"University of South Dakota, Gavins Point Project no.2, Cooperators Party B, Report no.1-7, June 21-August 2, 1963","Gant, Robert D.",creator,"1963 Missouri Basin Project weekly report, Party no.6 - Historic sites (Big Bend & Oahe Res. Areas), Report no.1-10, June 22-August 24, 1963","Smith, G. Hubert (George Hubert), 1908-1972",creator,"1963 Missouri Basin Project weekly report, Party no.7 - Pierre South Dakota, Report no.1-10, June 21-August 24, 1963 [numbering off, going by date]","Jensen, Richard E.",creator,"1963 Missouri Basin Project Weekly Report, Parties no. 8 and 9 - La Roche and Chapelle Creek, Report no.1-11, June 21-September 3, 1963","Hoffman, J. J. (John Jacob), 1931-",creator,"1963 Missouri Basin Project weekly report, Party no.11 - Moreau Party, Report no.2-11, June 21-August 30, 1963","Mallory, Oscar L.",creator,"University of Kansas Milford Reservoir Archeological Party, Cooperators Party A, Report no.3, June 28, 1963","Schock, Jack.",creator,"Nebraska State Historical Society - National Science Foundation Logan Creek Project - Cooperators Party C, Report no.1, June 28, 1963","Kivett, Marvin F.",creator,"1963 Missouri Basin Project Weekly report, Party no. 9 - Chapelle Creek, Report no.3-10, July 5-August 23, 1963","Folan, William J.",creator,"1963 Missouri Basin Project weekly report, Party no. 4 - Garrison Diversion, Report no.1-6, July 26-August 30, 1963","Johnson, Elden",creator,,,,,,,,,,,,,,,,Weekly reports from the 1963 Missouri Basin Project,"The copyright interests in this item remain with the creator. For more information, contact Special Collections at special@utk.edu.","University of Tennessee, Knoxville. Special Collections",Dr. William M. Bass III Collection, MS.3689,"The University of Tennessee, Knoxville. Libraries",http://digital.lib.utk.edu/mpds/data/bass/0012_003602_000272/0012_003602_000272_0001.jpg.t.jpg,2015-01-08T02:57:30Z
0012_003602_000266,MBP:  39WW2,13BN8,,,,,,,,,,,,,Excavations (Archaeology),Indians of North America,Cannon Ball (N.D.),Cottonwood Springs Recreation Area (S.D.),Medicine Creek Site (Or.),Larson Site (S.D.),Walworth County (S.D.),Saylorville Lake (Iowa),,,,,,,,,,,,,,River Basin Surveys,Iowa State University. Department of Anthropology,United States. National Park Service,University of Kansas. Department of Anthropology,,,http://digital.lib.utk.edu/mpds/?ckey=bass&iid=2130,text,manuscripts,1967,1967,,,,"Bass Field Notes, MBP:  39WW2, 1967","Bass, William M., 1928-",creator,River Basin Surveys weekly Report Larson Reports - 1967,,,"River Basin Surveys weekly report, South Cannonball Party, Report no.6, no.8; July 28, August 11, 1967","Hoffman, J. J. (John Jacob), 1931-",creator,"River Basin Surveys Weekly Report, Cottonwood Springs Party, Report no.6, July 28, 1967","Mallory, Oscar L.",creator,"River Basin Surveys weekly report, Iron Nation Party, Report no.6, no.8; July 28, August 11, 1967","Jensen, Richard E.",creator,"Saylorville - Red Rock archaeological projects ; Iowa State University (Ames) - National Park Service ; Cooperative Party, Report no.8 July 28, 1967","Gradwohl, David M., 1934-",creator,"Larson Burial Party, University of Kansas ; Cooperative Party, Report no.6, July 28, 1967","Bass, William M., 1928-", , , , ,,,,,,,,,,,,,,,,,,,,,,,,,,,,,,,,,,,,,,,,,,,,,,,,,,,,,,,,,,Various reports from the River Basin Surveys weekly Report Larson Reports - 1967,"The copyright interests in this item remain with the creator. For more information, contact Special Collections at special@utk.edu.","University of Tennessee, Knoxville. Special Collections",Dr. William M. Bass III Collection, MS.3689,"The University of Tennessee, Knoxville. Libraries",http://digital.lib.utk.edu/mpds/data/bass/0012_003602_000266/0012_003602_000266_0001.jpg.t.jpg,2015-01-08T02:57:30Z
0012_003602_000245,39WW2, , ,,,,,,,,,,,,Excavations (Archaeology),Indians of North America,Larson Site (S.D.),Walworth County (S.D.),,,, ,,,,,,,,,,,,,,University of Kansas. Department of Anthropology,University of Nebraska,,,,,http://digital.lib.utk.edu/mpds/?ckey=bass&iid=2111,text,manuscripts,"1966-1967, 1976",1966,1976,,,"Bass Field Notes, 39WW2, 1966-1967, 1976","Bass, William M., 1928-",creator,Specimens from the Larson Cemetery,,,,"Falk, Carl R.",recipient,,,,,,,,,,,,,,,,,,,,,,,,,,,,,,,,,,,,,,,,,,,,,,,,,,,,,,,,,,,,,,,,,,,,,,,,,List of specimens sent from the Larson Cemetery for identification and a handwritten specimen catalogue,"The copyright interests in this item remain with the creator. For more information, contact Special Collections at special@utk.edu.","University of Tennessee, Knoxville. Special Collections",Dr. William M. Bass III Collection, MS.3689,"The University of Tennessee, Knoxville. Libraries",http://digital.lib.utk.edu/mpds/data/bass/0012_003602_000245/0012_003602_000245_0001.jpg.t.jpg,2015-01-08T02:57:30Z
0012_003602_000255,39WW2,,,,,,,,,,,,,,Excavations (Archaeology),Indians of North America,Larson Site (S.D.),Walworth County (S.D.),"Oahe, Lake (S.D. and N.D.)",,, ,,,,,,,,,,,,,,River Basin Surveys,,,,,,http://digital.lib.utk.edu/mpds/?ckey=bass&iid=2121,text,manuscripts,1967,1967,,,,"Bass Field Notes, 39WW2, 1967","Bass, William M., 1928-",creator,"Copy of burial records and field notes, 39WW2, F.201","Bass, William M., 1928-",creator,Smithsonian Institution River Basin Surveys Burial form,,,,,,,,,,,,,,,,,,,,,,,,,,,,,,,,,,,,,,,,,,,,,,,,,,,,,,,,,,,,,,,,,,,,,,,,,,,Burial forms and journals for the Larson site,"The copyright interests in this item remain with the creator. For more information, contact Special Collections at special@utk.edu.","University of Tennessee, Knoxville. Special Collections",Dr. William M. Bass III Collection, MS.3689,"The University of Tennessee, Knoxville. Libraries",http://digital.lib.utk.edu/mpds/data/bass/0012_003602_000255/0012_003602_000255_0001.jpg.t.jpg,2015-01-08T02:57:30Z
0012_003602_000257,39WW2,,,,,,,,,,,,,Arikara Indians,Excavations (Archaeology),Indians of North America,Larson Site (S.D.),Walworth County (S.D.),,,, ,,,,,,,,,,,,,,University of Kansas. Department of Anthropology,National Geographic Society (U.S.),"University of Tennessee, Knoxville. Department of Anthropology",Mississippi State University. Department of Sociology and Anthropology,,,http://digital.lib.utk.edu/mpds/?ckey=bass&iid=2123,text,manuscripts,1973,1973,1970,,,"Bass Field Notes, 39WW2, 1973","Bass, William M., 1928-",creator,,"Bass, William M., 1928-",recipient,,"Rucker, Marc D.",creator,"Preliminary investigation of the Larson Site Cemetery, Walworth County, South Dakota [Incomplete work with several revisions]","Rucker, Marc D.",creator,,"Oehser, Paul H. (Paul Henry), 1904-1996",recipient,,"Carmichael, Leonard, 1898-1973",creator,,,,,,,,,,,,,,,,,,,,,,,,,,,,,,,,,,,,,,,,,,,,,,,,,,,,,,,,,,,,,,,,"Correspondence between Bill Bass and different people concerning the publication of Preliminary Investigation of Artifact Association in an Arikara Cemetery, The Larson Site Cemetery, Walworth County, South Dakota","The copyright interests in this item remain with the creator. For more information, contact Special Collections at special@utk.edu.","University of Tennessee, Knoxville. Special Collections",Dr. William M. Bass III Collection, MS.3689,"The University of Tennessee, Knoxville. Libraries",http://digital.lib.utk.edu/mpds/data/bass/0012_003602_000257/0012_003602_000257_0001.jpg.t.jpg,2015-01-08T02:57:30Z
0012_003602_000232,39SL4,,,,,,,,,,,,,,Excavations (Archaeology),Indians of North America,Sully Site (S.D.),Walworth County (S.D.),"Oahe, Lake (S.D. and N.D.)",,, ,,,,,,,,,,,,,,Smithsonian Institution,,,,,,http://digital.lib.utk.edu/mpds/?ckey=bass&iid=2098,text,manuscripts,1958,1958,,,,"Bass Field Notes, 39SL4, 1958","Bass, William M., 1928-",creator,,,,,,,,,,,,,,,,,,,,,,,,,,,,,,,,,,,,,,,,,,,,,,,,,,,,,,,,,,,,,,,,,,,,,,,,,,,,,,,Pictures of burials at the Sully Site (39SL4),"The copyright interests in this item remain with the creator. For more information, contact Special Collections at special@utk.edu.","University of Tennessee, Knoxville. Special Collections",Dr. William M. Bass III Collection, MS.3689,"The University of Tennessee, Knoxville. Libraries",http://digital.lib.utk.edu/mpds/data/bass/0012_003602_000232/0012_003602_000232_0001.jpg.t.jpg,2015-01-08T02:57:30Z
