identifier,subject_topical 1,subject_geographic 1,subject_geographic_authority 1,subject_geographic_URI 1,subject_name 1,subject_name_authority 1,subject_name_URI 1,subject_name 2,subject_name_authority 2,subject_name_URI 2,subject_name 3,subject_name_authority 3,subject_name_URI 3,object_in_context,type,date_text,date_single,date_end,date_qualifier,title,rights,repository,subject_geographic 2,collection,collection_identifier,record_source,file_url,record_creation_date
0012_003602_000215,39CA4 (39SL4),Rygh Site (Sully Site),,,Kansas State University,,,,,,,,,http://digital.lib.utk.edu/mpds/?ckey=bass&iid=2081,text,1966,1966,,,"Bass Field Notes, 39CA4 (39SL4), 1966","The copyright interests in this item remain with the creator. For more information, contact Special Collections at special@utk.edu.","University of Tennessee, Knoxville. Special Collections","Sully County, South Dakota",Dr. William M. Bass III Collection, MS.3689,"The University of Tennessee Libraries, Knoxville",http://digital.lib.utk.edu/mpds/data/bass/0012_003602_000215/0012_003602_000215_0001.jpg.t.jpg,2015-01-08T02:57:30Z
0012_003602_000224,39CO9,Leavenworth Village Site,,,University of Kansas,,,,,,,,,http://digital.lib.utk.edu/mpds/?ckey=bass&iid=2090,text,1971,1971,,,"Bass Field Notes, 39CO9, 1971","The copyright interests in this item remain with the creator. For more information, contact Special Collections at special@utk.edu.","University of Tennessee, Knoxville. Special Collections","Leavenworth County, South Dakota",Dr. William M. Bass III Collection, MS.3689,"The University of Tennessee Libraries, Knoxville",http://digital.lib.utk.edu/mpds/data/bass/0012_003602_000224/0012_003602_000224_0001.jpg.t.jpg,2015-01-08T02:57:30Z
0012_003602_000212,"39CA4 (39WW1, 39WW2, 39BF11, 39CO9)","Rygh Site (Mobridge Site, Larson Site, Crow Creek Site, Leavenworth Village Site)",,,Smithsonian Institution,,,,,,,,,http://digital.lib.utk.edu/mpds/?ckey=bass&iid=2078,text,undated,,,,"Bass Field Notes, 39CA4 (39WW1, 39WW2, 39BF11, 39CO9), undated","The copyright interests in this item remain with the creator. For more information, contact Special Collections at special@utk.edu.","University of Tennessee, Knoxville. Special Collections",South Dakota,Dr. William M. Bass III Collection, MS.3689,"The University of Tennessee Libraries, Knoxville",http://digital.lib.utk.edu/mpds/data/bass/0012_003602_000212/0012_003602_000212_0001.jpg.t.jpg,2015-01-08T02:57:30Z
0012_003602_000239,39WW1,Mobridge Site,,,University of Kansas,,,,,,,,,http://digital.lib.utk.edu/mpds/?ckey=bass&iid=2105,text,1968-1970,1968,1970,,"Bass Field Notes, 39WW1, 1968-1970","The copyright interests in this item remain with the creator. For more information, contact Special Collections at special@utk.edu.","University of Tennessee, Knoxville. Special Collections","Nalworth County, South Dakota",Dr. William M. Bass III Collection, MS.3689,"The University of Tennessee Libraries, Knoxville",http://digital.lib.utk.edu/mpds/data/bass/0012_003602_000239/0012_003602_000239_0001.jpg.t.jpg,2015-01-08T02:57:30Z
0012_003602_000220,39CO9,Leavenworth Village Site,,,Smithsonian Institution,,,,,,,,,http://digital.lib.utk.edu/mpds/?ckey=bass&iid=2086,text,"1965, 1966",1965,1966,,"Bass Field Notes, 39CO9, 1965, 1966","The copyright interests in this item remain with the creator. For more information, contact Special Collections at special@utk.edu.","University of Tennessee, Knoxville. Special Collections","Leavenworth County, South Dakota",Dr. William M. Bass III Collection, MS.3689,"The University of Tennessee Libraries, Knoxville",http://digital.lib.utk.edu/mpds/data/bass/0012_003602_000220/0012_003602_000220_0001.jpg.t.jpg,2015-01-08T02:57:30Z
0012_003602_000223,39CO9,Leavenworth Village Site,,,University of Kansas,,,Dana College,,,,,,http://digital.lib.utk.edu/mpds/?ckey=bass&iid=2089,text,1968-1969,1968,1969,,"Bass Field Notes, 39CO9, 1968-1969","The copyright interests in this item remain with the creator. For more information, contact Special Collections at special@utk.edu.","University of Tennessee, Knoxville. Special Collections","Leavenworth County, South Dakota",Dr. William M. Bass III Collection, MS.3689,"The University of Tennessee Libraries, Knoxville",http://digital.lib.utk.edu/mpds/data/bass/0012_003602_000223/0012_003602_000223_0001.jpg.t.jpg,2015-01-08T02:57:30Z
0012_003602_000221,39CO9,Leavenworth Village Site,,,Smithsonian Institution,,,,,,,,,http://digital.lib.utk.edu/mpds/?ckey=bass&iid=2087,text,"1965-1966, 1984-1985",1965,1985,,"Bass Field Notes, 39CO9, 1965-1966, 1984-1985","The copyright interests in this item remain with the creator. For more information, contact Special Collections at special@utk.edu.","University of Tennessee, Knoxville. Special Collections","Corson County, South Dakota",Dr. William M. Bass III Collection, MS.3689,"The University of Tennessee Libraries, Knoxville",http://digital.lib.utk.edu/mpds/data/bass/0012_003602_000221/0012_003602_000221_0001.jpg.t.jpg,2015-01-08T02:57:30Z
0012_003602_000262,48NO201,Agate Basin Site,,,Smithsonian Institution,,,,,,,,,http://digital.lib.utk.edu/mpds/?ckey=bass&iid=2126,text,1961,1961,,,"Bass Field Notes, 48NO201, 1961","The copyright interests in this item remain with the creator. For more information, contact Special Collections at special@utk.edu.","University of Tennessee, Knoxville. Special Collections","Agate Basin, Niobrara County, Wyoming",Dr. William M. Bass III Collection, MS.3689,"The University of Tennessee Libraries, Knoxville",http://digital.lib.utk.edu/mpds/data/bass/0012_003602_000262/0012_003602_000262_0001.jpg.t.jpg,2015-01-08T02:57:30Z
0012_003602_000227,39SL4,Sully Site,,,Smithsonian Institution,,,,,,,,,http://digital.lib.utk.edu/mpds/?ckey=bass&iid=2093,text,1957-1963,1957,1963,,"Bass Field Notes, 39SL4, 1957-1963","The copyright interests in this item remain with the creator. For more information, contact Special Collections at special@utk.edu.","University of Tennessee, Knoxville. Special Collections","Oahe Reservoir, South Dakota",Dr. William M. Bass III Collection, MS.3689,"The University of Tennessee Libraries, Knoxville",http://digital.lib.utk.edu/mpds/data/bass/0012_003602_000227/0012_003602_000227_0001.jpg.t.jpg,2015-01-08T02:57:30Z
0012_003602_000203,16IB3,Morton Shell Mound,,,Louisiana State University,,,University of Kansas,,,,,,http://digital.lib.utk.edu/mpds/?ckey=bass&iid=2069,text,1970,1970,,,"Bass Field Notes, 16IB3, 1970","The copyright interests in this item remain with the creator. For more information, contact Special Collections at special@utk.edu.","University of Tennessee, Knoxville. Special Collections","Weeks Island, Louisiana",Dr. William M. Bass III Collection, MS.3689,"The University of Tennessee Libraries, Knoxville",http://digital.lib.utk.edu/mpds/data/bass/0012_003602_000203/0012_003602_000203_0001.jpg.t.jpg,2015-01-08T02:57:30Z
0012_003602_000281,multiple locations,University of Tennessee,,,University of Kansas,,,,,,,,,http://digital.lib.utk.edu/mpds/?ckey=bass&iid=2139,text,undated,,,,"Bass Field Notes, multiple locations, undated","The copyright interests in this item remain with the creator. For more information, contact Special Collections at special@utk.edu.","University of Tennessee, Knoxville. Special Collections",multiple locations,Dr. William M. Bass III Collection, MS.3689,"The University of Tennessee Libraries, Knoxville",http://digital.lib.utk.edu/mpds/data/bass/0012_003602_000281/0012_003602_000281_0001.jpg.t.jpg,2015-01-08T02:57:30Z
0012_003602_000263,48NO201,Agate Basin Site,,,Smithsonian Institution,,,,,,,,,http://digital.lib.utk.edu/mpds/?ckey=bass&iid=2127,text,1961,1961,,,"Bass Field Notes, 48NO201, 1961","The copyright interests in this item remain with the creator. For more information, contact Special Collections at special@utk.edu.","University of Tennessee, Knoxville. Special Collections","Agate Basin, Niobrara County, Wyoming",Dr. William M. Bass III Collection, MS.3689,"The University of Tennessee Libraries, Knoxville",http://digital.lib.utk.edu/mpds/data/bass/0012_003602_000263/0012_003602_000263_0001.jpg.t.jpg,2015-01-08T02:57:30Z
0012_003602_000236,"39SL4 (39HU2, 39HU48, 39PO1, 39PO27, 39SL38, 39ST202)","Sully Site (Oahe Village Site, Steamboat Creek Site, Fort George Site)",,,Smithsonian Institution,,,,,,,,,http://digital.lib.utk.edu/mpds/?ckey=bass&iid=2102,text,1963,1963,,,"Bass Field Notes, 39SL4 (39HU2, 39HU48, 39PO1, 39PO27, 39SL38, 39ST202), 1963","The copyright interests in this item remain with the creator. For more information, contact Special Collections at special@utk.edu.","University of Tennessee, Knoxville. Special Collections","Oahe Reservoir, South Dakota",Dr. William M. Bass III Collection, MS.3689,"The University of Tennessee Libraries, Knoxville",http://digital.lib.utk.edu/mpds/data/bass/0012_003602_000236/0012_003602_000236_0001.jpg.t.jpg,2015-01-08T02:57:30Z
0012_003602_000225,"39CO9 (39WW2, 39WW1)","Leavenworth Village Site (Larson Site, Mobridge Site, Sully Site)",,,University of Tennessee,,,University of Kansas,,,,,,http://digital.lib.utk.edu/mpds/?ckey=bass&iid=2091,text,"1965-1969, 1970-1975, 1981-1987, 1991",1965,1991,,"Bass Field Notes, 39CO9 (39WW2, 39WW1), 1965-1969, 1970-1975, 1981-1987, 1991","The copyright interests in this item remain with the creator. For more information, contact Special Collections at special@utk.edu.","University of Tennessee, Knoxville. Special Collections",South Dakota,Dr. William M. Bass III Collection, MS.3689,"The University of Tennessee Libraries, Knoxville",http://digital.lib.utk.edu/mpds/data/bass/0012_003602_000225/0012_003602_000225_0001.jpg.t.jpg,2015-01-08T02:57:30Z
0012_003602_000219,39CO9,Leavenworth Village Site,,,Smithsonian Institution,,,,,,,,,http://digital.lib.utk.edu/mpds/?ckey=bass&iid=2085,text,1965-1966,1965,1966,,"Bass Field Notes, 39CO9, 1965-1966","The copyright interests in this item remain with the creator. For more information, contact Special Collections at special@utk.edu.","University of Tennessee, Knoxville. Special Collections","Corson County, South Dakota",Dr. William M. Bass III Collection, MS.3689,"The University of Tennessee Libraries, Knoxville",http://digital.lib.utk.edu/mpds/data/bass/0012_003602_000219/0012_003602_000219_0001.jpg.t.jpg,2015-01-08T02:57:30Z
0012_003602_000256,39WW2,Larson Site,,,University of Kansas,,,,,,,,,http://digital.lib.utk.edu/mpds/?ckey=bass&iid=2122,text,1967,1967,,,"Bass Field Notes, 39WW2, 1967","The copyright interests in this item remain with the creator. For more information, contact Special Collections at special@utk.edu.","University of Tennessee, Knoxville. Special Collections","Walworth County, South Dakota",Dr. William M. Bass III Collection, MS.3689,"The University of Tennessee Libraries, Knoxville",http://digital.lib.utk.edu/mpds/data/bass/0012_003602_000256/0012_003602_000256_0001.jpg.t.jpg,2015-01-08T02:57:30Z
0012_003602_000241,39WW1,Mobridge Site,,,University of Kansas,,,,,,,,,http://digital.lib.utk.edu/mpds/?ckey=bass&iid=2107,text,1970,1970,,,"Bass Field Notes, 39WW1, 1970","The copyright interests in this item remain with the creator. For more information, contact Special Collections at special@utk.edu.","University of Tennessee, Knoxville. Special Collections","Nalworth County, South Dakota",Dr. William M. Bass III Collection, MS.3689,"The University of Tennessee Libraries, Knoxville",http://digital.lib.utk.edu/mpds/data/bass/0012_003602_000241/0012_003602_000241_0001.jpg.t.jpg,2015-01-08T02:57:30Z
0012_003602_000231,39SL4,Sully Site,,,Smithsonian Institution,,,,,,,,,http://digital.lib.utk.edu/mpds/?ckey=bass&iid=2097,text,1958-1962,1958,1962,,"Bass Field Notes, 39SL4, 1958-1962","The copyright interests in this item remain with the creator. For more information, contact Special Collections at special@utk.edu.","University of Tennessee, Knoxville. Special Collections","Oahe Reservoir, South Dakota",Dr. William M. Bass III Collection, MS.3689,"The University of Tennessee Libraries, Knoxville",http://digital.lib.utk.edu/mpds/data/bass/0012_003602_000231/0012_003602_000231_0001.jpg.t.jpg,2015-01-08T02:57:30Z
0012_003602_000274,"24TL26 (32SN31, 32GG1, 32ME32, 25BF7, 25CU201, 25HW201, 25NC201, 14PO14, 39ST30, 39BF2B)","Galata Site (Cushing Dam Site, Tuttle Creek Site, Dodd Site)",,,U.S. National Museum Division of Physical Anthropology,,,,,,,,,http://digital.lib.utk.edu/mpds/?ckey=bass&iid=2138,text,"1956, 1958",1956,1958,,"Bass Field Notes, 24TL26 (32SN31, 32GG1, 32ME32, 25BF7, 25CU201, 25HW201, 25NC201, 14PO14, 39ST30, 39BF2B), 1956, 1958","The copyright interests in this item remain with the creator. For more information, contact Special Collections at special@utk.edu.","University of Tennessee, Knoxville. Special Collections","Toole County, Montana (Stutsman County, North Dakota, Griggs County, North Dakota, Mercer County, North Dakota, Buffalo County, Nebraska, Custer County, Nebraska, Howard County, Nebraska, Nance County, Nebraska, Pottawotomi County, Kansas, Oahe Reservoir, South Dakota, Buffalo County, South Dakota)",Dr. William M. Bass III Collection, MS.3689,"The University of Tennessee Libraries, Knoxville",http://digital.lib.utk.edu/mpds/data/bass/0012_003602_000274/0012_003602_000274_0001.jpg.t.jpg,2015-01-08T02:57:30Z
0012_003602_000217,39CO9,Leavenworth Village Site,,,University of Kansas,,,,,,,,,http://digital.lib.utk.edu/mpds/?ckey=bass&iid=2083,text,1965 (circa),1965,,approximate,"Bass Field Notes, 39CO9, 1965 (circa)","The copyright interests in this item remain with the creator. For more information, contact Special Collections at special@utk.edu.","University of Tennessee, Knoxville. Special Collections","Leavenworth County, South Dakota",Dr. William M. Bass III Collection, MS.3689,"The University of Tennessee Libraries, Knoxville",http://digital.lib.utk.edu/mpds/data/bass/0012_003602_000217/0012_003602_000217_0001.jpg.t.jpg,2015-01-08T02:57:30Z
0012_003602_000268,"MBP:  39SL4 (39SL39, 39SL46)",Sully Site (Whistling Hawk Site),,,Smithsonian Institution,,,,,,,,,http://digital.lib.utk.edu/mpds/?ckey=bass&iid=2132,text,1958 (summer),1958-22,,,"Bass Field Notes, MBP:  39SL4 (39SL39, 39SL46), 1958 (summer)","The copyright interests in this item remain with the creator. For more information, contact Special Collections at special@utk.edu.","University of Tennessee, Knoxville. Special Collections","Sully County, South Dakota",Dr. William M. Bass III Collection, MS.3689,"The University of Tennessee Libraries, Knoxville",http://digital.lib.utk.edu/mpds/data/bass/0012_003602_000268/0012_003602_000268_0001.jpg.t.jpg,2015-01-08T02:57:30Z
0012_003602_000218,39CO9,Leavenworth Village Site,,,University of Kansas,,,,,,,,,http://digital.lib.utk.edu/mpds/?ckey=bass&iid=2084,text,1965 (circa),1965,,approximate,"Bass Field Notes, 39CO9, 1965 (circa)","The copyright interests in this item remain with the creator. For more information, contact Special Collections at special@utk.edu.","University of Tennessee, Knoxville. Special Collections","Leavenworth County, South Dakota",Dr. William M. Bass III Collection, MS.3689,"The University of Tennessee Libraries, Knoxville",http://digital.lib.utk.edu/mpds/data/bass/0012_003602_000218/0012_003602_000218_0001.jpg.t.jpg,2015-01-08T02:57:30Z
0012_003602_000269,MBP:  39SL4,Sully Site,,,Smithsonian Institution,,,,,,,,,http://digital.lib.utk.edu/mpds/?ckey=bass&iid=2133,text,1959 (summer),1959-22,,,"Bass Field Notes, MBP:  39SL4, 1959 (summer)","The copyright interests in this item remain with the creator. For more information, contact Special Collections at special@utk.edu.","University of Tennessee, Knoxville. Special Collections","Sully County, South Dakota",Dr. William M. Bass III Collection, MS.3689,"The University of Tennessee Libraries, Knoxville",http://digital.lib.utk.edu/mpds/data/bass/0012_003602_000269/0012_003602_000269_0001.jpg.t.jpg,2015-01-08T02:57:30Z
0012_003602_000238,39WW1,Mobridge Site,,,University of Kansas,,,Smithsonian Institution,,,,,,http://digital.lib.utk.edu/mpds/?ckey=bass&iid=2104,text,1968-1969,1968,1969,,"Bass Field Notes, 39WW1, 1968-1969","The copyright interests in this item remain with the creator. For more information, contact Special Collections at special@utk.edu.","University of Tennessee, Knoxville. Special Collections","Nalworth County, South Dakota",Dr. William M. Bass III Collection, MS.3689,"The University of Tennessee Libraries, Knoxville",http://digital.lib.utk.edu/mpds/data/bass/0012_003602_000238/0012_003602_000238_0001.jpg.t.jpg,2015-01-08T02:57:30Z
0012_003602_000210,39CA4,Rygh Site,,,University of Kansas,,,,,,,,,http://digital.lib.utk.edu/mpds/?ckey=bass&iid=2076,text,1970,1970,,,"Bass Field Notes, 39CA4, 1970","The copyright interests in this item remain with the creator. For more information, contact Special Collections at special@utk.edu.","University of Tennessee, Knoxville. Special Collections","Oahe Reservoir, South Dakota",Dr. William M. Bass III Collection, MS.3689,"The University of Tennessee Libraries, Knoxville",http://digital.lib.utk.edu/mpds/data/bass/0012_003602_000210/0012_003602_000210_0001.jpg.t.jpg,2015-01-08T02:57:30Z
0012_003602_000252,39WW2,Larson Site,,,Smithsonian Institution,,,,,,,,,http://digital.lib.utk.edu/mpds/?ckey=bass&iid=2118,text,1967,1967,,,"Bass Field Notes, 39WW2, 1967","The copyright interests in this item remain with the creator. For more information, contact Special Collections at special@utk.edu.","University of Tennessee, Knoxville. Special Collections","Walworth County, South Dakota",Dr. William M. Bass III Collection, MS.3689,"The University of Tennessee Libraries, Knoxville",http://digital.lib.utk.edu/mpds/data/bass/0012_003602_000252/0012_003602_000252_0001.jpg.t.jpg,2015-01-08T02:57:30Z
0012_003602_000261,40MO10,,,,Tennessee Department of Transportation,,,University of Tennessee,,,,,,http://digital.lib.utk.edu/mpds/?ckey=bass&iid=2125,text,1974,1974,,,"Bass Field Notes, 40MO10, 1974","The copyright interests in this item remain with the creator. For more information, contact Special Collections at special@utk.edu.","University of Tennessee, Knoxville. Special Collections","Wartburg, Morgan County, Tennessee",Dr. William M. Bass III Collection, MS.3689,"The University of Tennessee Libraries, Knoxville",http://digital.lib.utk.edu/mpds/data/bass/0012_003602_000261/0012_003602_000261_0001.jpg.t.jpg,2015-01-08T02:57:30Z
0012_003602_000228,39SL4,Sully Site,,,Smithsonian Institution,,,,,,,,,http://digital.lib.utk.edu/mpds/?ckey=bass&iid=2094,text,1958-1963,1958,1963,,"Bass Field Notes, 39SL4, 1958-1963","The copyright interests in this item remain with the creator. For more information, contact Special Collections at special@utk.edu.","University of Tennessee, Knoxville. Special Collections","Oahe Reservoir, South Dakota",Dr. William M. Bass III Collection, MS.3689,"The University of Tennessee Libraries, Knoxville",http://digital.lib.utk.edu/mpds/data/bass/0012_003602_000228/0012_003602_000228_0001.jpg.t.jpg,2015-01-08T02:57:30Z
0012_003602_000264,48NO201,Agate Basin Site,,,Smithsonian Institution,,,,,,,,,http://digital.lib.utk.edu/mpds/?ckey=bass&iid=2128,text,"1961, 1981",1961,1981,,"Bass Field Notes, 48NO201, 1961, 1981","The copyright interests in this item remain with the creator. For more information, contact Special Collections at special@utk.edu.","University of Tennessee, Knoxville. Special Collections","Agate Basin, Niobrara County, Wyoming",Dr. William M. Bass III Collection, MS.3689,"The University of Tennessee Libraries, Knoxville",http://digital.lib.utk.edu/mpds/data/bass/0012_003602_000264/0012_003602_000264_0001.jpg.t.jpg,2015-01-08T02:57:30Z
0012_003602_000242,39WW1,Mobridge Site,,,Smithsonian Institution,,,,,,,,,http://digital.lib.utk.edu/mpds/?ckey=bass&iid=2108,text,undated,,,,"Bass Field Notes, 39WW1, undated","The copyright interests in this item remain with the creator. For more information, contact Special Collections at special@utk.edu.","University of Tennessee, Knoxville. Special Collections","South Dakota (Lawrence County, Alabama, Christian County, Kentucky)",Dr. William M. Bass III Collection, MS.3689,"The University of Tennessee Libraries, Knoxville",http://digital.lib.utk.edu/mpds/data/bass/0012_003602_000242/0012_003602_000242_0001.jpg.t.jpg,2015-01-08T02:57:30Z
0012_003602_000229,39SL4,Sully Site,,,Smithsonian Institution,,,,,,,,,http://digital.lib.utk.edu/mpds/?ckey=bass&iid=2095,text,1962,1962,,,"Bass Field Notes, 39SL4, 1962","The copyright interests in this item remain with the creator. For more information, contact Special Collections at special@utk.edu.","University of Tennessee, Knoxville. Special Collections","Oahe Reservoir, South Dakota",Dr. William M. Bass III Collection, MS.3689,"The University of Tennessee Libraries, Knoxville",http://digital.lib.utk.edu/mpds/data/bass/0012_003602_000229/0012_003602_000229_0001.jpg.t.jpg,2015-01-08T02:57:30Z
0012_003602_000273,MBP:  39CA4 (39CO9),Rygh Site (Leavenworth Village Site),,,University of Kansas,,,Smithsonian Institution,,,,,,http://digital.lib.utk.edu/mpds/?ckey=bass&iid=2137,text,1965,1965,,,"Bass Field Notes, MBP:  39CA4 (39CO9), 1965","The copyright interests in this item remain with the creator. For more information, contact Special Collections at special@utk.edu.","University of Tennessee, Knoxville. Special Collections",South Dakota,Dr. William M. Bass III Collection, MS.3689,"The University of Tennessee Libraries, Knoxville",http://digital.lib.utk.edu/mpds/data/bass/0012_003602_000273/0012_003602_000273_0001.jpg.t.jpg,2015-01-08T02:57:30Z
0012_003602_000244,39WW1 (39CA4),Mobridge Site (Rygh Site),,,University of Kansas,,,,,,,,,http://digital.lib.utk.edu/mpds/?ckey=bass&iid=2110,text,1971,1971,,,"Bass Field Notes, 39WW1 (39CA4), 1971","The copyright interests in this item remain with the creator. For more information, contact Special Collections at special@utk.edu.","University of Tennessee, Knoxville. Special Collections",South Dakota,Dr. William M. Bass III Collection, MS.3689,"The University of Tennessee Libraries, Knoxville",http://digital.lib.utk.edu/mpds/data/bass/0012_003602_000244/0012_003602_000244_0001.jpg.t.jpg,2015-01-08T02:57:30Z
0012_003602_000208,39CA4,Rygh Site,,,Smithsonian Institution,,,,,,,,,http://digital.lib.utk.edu/mpds/?ckey=bass&iid=2074,text,1965-1966,1965,1966,,"Bass Field Notes, 39CA4, 1965-1966","The copyright interests in this item remain with the creator. For more information, contact Special Collections at special@utk.edu.","University of Tennessee, Knoxville. Special Collections","Oahe Reservoir, South Dakota",Dr. William M. Bass III Collection, MS.3689,"The University of Tennessee Libraries, Knoxville",http://digital.lib.utk.edu/mpds/data/bass/0012_003602_000208/0012_003602_000208_0001.jpg.t.jpg,2015-01-08T02:57:30Z
0012_003602_000211,"39CA4 (39CO31, 39CO32, 39DW236)",Rygh Site (Nordvold Site),,,University of Kansas,,,Smithsonian Institution,,,,,,http://digital.lib.utk.edu/mpds/?ckey=bass&iid=2077,text,1969,1969,,,"Bass Field Notes, 39CA4 (39CO31, 39CO32, 39DW236), 1969","The copyright interests in this item remain with the creator. For more information, contact Special Collections at special@utk.edu.","University of Tennessee, Knoxville. Special Collections","Oahe Reservoir, South Dakota",Dr. William M. Bass III Collection, MS.3689,"The University of Tennessee Libraries, Knoxville",http://digital.lib.utk.edu/mpds/data/bass/0012_003602_000211/0012_003602_000211_0001.jpg.t.jpg,2015-01-08T02:57:30Z
0012_003602_000222,39CO9,Leavenworth Village Site,,,Smithsonian Institution,,,,,,,,,http://digital.lib.utk.edu/mpds/?ckey=bass&iid=2088,text,1965-1974,1965,1974,,"Bass Field Notes, 39CO9, 1965-1974","The copyright interests in this item remain with the creator. For more information, contact Special Collections at special@utk.edu.","University of Tennessee, Knoxville. Special Collections","Leavenworth County, South Dakota (Corson County, South Dakota)",Dr. William M. Bass III Collection, MS.3689,"The University of Tennessee Libraries, Knoxville",http://digital.lib.utk.edu/mpds/data/bass/0012_003602_000222/0012_003602_000222_0001.jpg.t.jpg,2015-01-08T02:57:30Z
0012_003602_000201,14LV330,Nester Site,,,Kansas State Historical Society,,,University of Kansas,,,,,,http://digital.lib.utk.edu/mpds/?ckey=bass&iid=2067,text,1970,1970,,,"Bass Field Notes, 14LV330, 1970","The copyright interests in this item remain with the creator. For more information, contact Special Collections at special@utk.edu.","University of Tennessee, Knoxville. Special Collections","Leavenworth County, South Dakota",Dr. William M. Bass III Collection, MS.3689,"The University of Tennessee Libraries, Knoxville",http://digital.lib.utk.edu/mpds/data/bass/0012_003602_000201/0012_003602_000201_0001.jpg.t.jpg,2015-01-08T02:57:30Z
0012_003602_000205,39CA4,Rygh Site,,,South Dakota Department of Education and Cultural Affairs,,,South Dakota State Archaeologist,,,,,,http://digital.lib.utk.edu/mpds/?ckey=bass&iid=2071,text,1973,1973,,,"Bass Field Notes, 39CA4, 1973","The copyright interests in this item remain with the creator. For more information, contact Special Collections at special@utk.edu.","University of Tennessee, Knoxville. Special Collections","Oahe Reservoir, South Dakota",Dr. William M. Bass III Collection, MS.3689,"The University of Tennessee Libraries, Knoxville",http://digital.lib.utk.edu/mpds/data/bass/0012_003602_000205/0012_003602_000205_0001.jpg.t.jpg,2015-01-08T02:57:30Z
0012_003602_000265,"MBP:  39WW2 (39CO9, 39CA4)","Larson Site (Leavenworth Village Site, Rygh Site)",,,University of Kansas,,,Smithsonian Institution,,,,,,http://digital.lib.utk.edu/mpds/?ckey=bass&iid=2129,text,1966 June,1966-06,,,"Bass Field Notes, MBP:  39WW2 (39CO9, 39CA4), 1966 June","The copyright interests in this item remain with the creator. For more information, contact Special Collections at special@utk.edu.","University of Tennessee, Knoxville. Special Collections",South Dakota,Dr. William M. Bass III Collection, MS.3689,"The University of Tennessee Libraries, Knoxville",http://digital.lib.utk.edu/mpds/data/bass/0012_003602_000265/0012_003602_000265_0001.jpg.t.jpg,2015-01-08T02:57:30Z
0012_003602_000233,39SL4,Sully Site,,,Smithsonian Institution,,,,,,,,,http://digital.lib.utk.edu/mpds/?ckey=bass&iid=2099,text,1963,1963,,,"Bass Field Notes, 39SL4, 1963","The copyright interests in this item remain with the creator. For more information, contact Special Collections at special@utk.edu.","University of Tennessee, Knoxville. Special Collections","Oahe Reservoir, South Dakota",Dr. William M. Bass III Collection, MS.3689,"The University of Tennessee Libraries, Knoxville",http://digital.lib.utk.edu/mpds/data/bass/0012_003602_000233/0012_003602_000233_0001.jpg.t.jpg,2015-01-08T02:57:30Z
0012_003602_000259,39WW2,Larson Site,,,Smithsonian Institution,,,,,,,,,http://digital.lib.utk.edu/mpds/?ckey=bass&iid=2124,text,1977 July,1977-07,,,"Bass Field Notes, 39WW2, 1977 July","The copyright interests in this item remain with the creator. For more information, contact Special Collections at special@utk.edu.","University of Tennessee, Knoxville. Special Collections","Larson Cemetery, Walworth County, South Dakota",Dr. William M. Bass III Collection, MS.3689,"The University of Tennessee Libraries, Knoxville",http://digital.lib.utk.edu/mpds/data/bass/0012_003602_000259/0012_003602_000259_0001.jpg.t.jpg,2015-01-08T02:57:30Z
0012_003602_000253,39WW2,Larson Site,,,Smithsonian Institution,,,,,,,,,http://digital.lib.utk.edu/mpds/?ckey=bass&iid=2119,text,1967,1967,,,"Bass Field Notes, 39WW2, 1967","The copyright interests in this item remain with the creator. For more information, contact Special Collections at special@utk.edu.","University of Tennessee, Knoxville. Special Collections","Walworth County, South Dakota",Dr. William M. Bass III Collection, MS.3689,"The University of Tennessee Libraries, Knoxville",http://digital.lib.utk.edu/mpds/data/bass/0012_003602_000253/0012_003602_000253_0001.jpg.t.jpg,2015-01-08T02:57:30Z
0012_003602_000249,39WW2,Larson Site,,,University of Kansas,,,,,,,,,http://digital.lib.utk.edu/mpds/?ckey=bass&iid=2115,text,1965-1966,1965,1966,,"Bass Field Notes, 39WW2, 1965-1966","The copyright interests in this item remain with the creator. For more information, contact Special Collections at special@utk.edu.","University of Tennessee, Knoxville. Special Collections","Larson Cemetery, Walworth County, South Dakota",Dr. William M. Bass III Collection, MS.3689,"The University of Tennessee Libraries, Knoxville",http://digital.lib.utk.edu/mpds/data/bass/0012_003602_000249/0012_003602_000249_0001.jpg.t.jpg,2015-01-08T02:57:30Z
0012_003602_000271,MBP:  39SL4,Sully Site,,,Smithsonian Institution,,,,,,,,,http://digital.lib.utk.edu/mpds/?ckey=bass&iid=2135,text,1962 (summer),1962-22,,,"Bass Field Notes, MBP:  39SL4, 1962 (summer)","The copyright interests in this item remain with the creator. For more information, contact Special Collections at special@utk.edu.","University of Tennessee, Knoxville. Special Collections","Sully County, South Dakota",Dr. William M. Bass III Collection, MS.3689,"The University of Tennessee Libraries, Knoxville",http://digital.lib.utk.edu/mpds/data/bass/0012_003602_000271/0012_003602_000271_0001.jpg.t.jpg,2015-01-08T02:57:30Z
0012_003602_000240,39WW1,Mobridge Site,,,University of Kansas,,,,,,,,,http://digital.lib.utk.edu/mpds/?ckey=bass&iid=2106,text,1969,1969,,,"Bass Field Notes, 39WW1, 1969","The copyright interests in this item remain with the creator. For more information, contact Special Collections at special@utk.edu.","University of Tennessee, Knoxville. Special Collections",South Dakota,Dr. William M. Bass III Collection, MS.3689,"The University of Tennessee Libraries, Knoxville",http://digital.lib.utk.edu/mpds/data/bass/0012_003602_000240/0012_003602_000240_0001.jpg.t.jpg,2015-01-08T02:57:30Z
0012_003602_000251,39WW2,Larson Site,,,University of Kansas,,,University of Nebraska,,,Smithsonian Institution,,,http://digital.lib.utk.edu/mpds/?ckey=bass&iid=2117,text,"1966, 1979",1966,1979,,"Bass Field Notes, 39WW2, 1966, 1979","The copyright interests in this item remain with the creator. For more information, contact Special Collections at special@utk.edu.","University of Tennessee, Knoxville. Special Collections","Larson Cemetery, South Dakota",Dr. William M. Bass III Collection, MS.3689,"The University of Tennessee Libraries, Knoxville",http://digital.lib.utk.edu/mpds/data/bass/0012_003602_000251/0012_003602_000251_0001.jpg.t.jpg,2015-01-08T02:57:30Z
0012_003602_000270,MBP:  39SL4,Sully Site,,,Smithsonian Institution,,,,,,,,,http://digital.lib.utk.edu/mpds/?ckey=bass&iid=2134,text,1961 (summer),1961-22,,,"Bass Field Notes, MBP:  39SL4, 1961 (summer)","The copyright interests in this item remain with the creator. For more information, contact Special Collections at special@utk.edu.","University of Tennessee, Knoxville. Special Collections","Sully County, South Dakota",Dr. William M. Bass III Collection, MS.3689,"The University of Tennessee Libraries, Knoxville",http://digital.lib.utk.edu/mpds/data/bass/0012_003602_000270/0012_003602_000270_0001.jpg.t.jpg,2015-01-08T02:57:30Z
0012_003602_000234,39SL4,Sully Site,,,University of Kansas,,,,,,,,,http://digital.lib.utk.edu/mpds/?ckey=bass&iid=2100,text,1969-1970,1969,1970,,"Bass Field Notes, 39SL4, 1969-1970","The copyright interests in this item remain with the creator. For more information, contact Special Collections at special@utk.edu.","University of Tennessee, Knoxville. Special Collections","Oahe Reservoir, South Dakota",Dr. William M. Bass III Collection, MS.3689,"The University of Tennessee Libraries, Knoxville",http://digital.lib.utk.edu/mpds/data/bass/0012_003602_000234/0012_003602_000234_0001.jpg.t.jpg,2015-01-08T02:57:30Z
0012_003602_000247,39WW2,Larson Site,,,University of Kansas,,,,,,,,,http://digital.lib.utk.edu/mpds/?ckey=bass&iid=2113,text,1977 July,1977-07,,,"Bass Field Notes, 39WW2, 1977 July","The copyright interests in this item remain with the creator. For more information, contact Special Collections at special@utk.edu.","University of Tennessee, Knoxville. Special Collections",South Dakota,Dr. William M. Bass III Collection, MS.3689,"The University of Tennessee Libraries, Knoxville",http://digital.lib.utk.edu/mpds/data/bass/0012_003602_000247/0012_003602_000247_0001.jpg.t.jpg,2015-01-08T02:57:30Z
0012_003602_000204,16IB3,Morton Shell Mound,,,Louisiana State University,,,University of Kansas,,,,,,http://digital.lib.utk.edu/mpds/?ckey=bass&iid=2070,text,1970-1971,1970,1971,,"Bass Field Notes, 16IB3, 1970-1971","The copyright interests in this item remain with the creator. For more information, contact Special Collections at special@utk.edu.","University of Tennessee, Knoxville. Special Collections","Weeks Island, Louisiana",Dr. William M. Bass III Collection, MS.3689,"The University of Tennessee Libraries, Knoxville",http://digital.lib.utk.edu/mpds/data/bass/0012_003602_000204/0012_003602_000204_0001.jpg.t.jpg,2015-01-08T02:57:30Z
0012_003602_000230,39SL4,Sully Site,,,Smithsonian Institution,,,,,,,,,http://digital.lib.utk.edu/mpds/?ckey=bass&iid=2096,text,1962,1962,,,"Bass Field Notes, 39SL4, 1962","The copyright interests in this item remain with the creator. For more information, contact Special Collections at special@utk.edu.","University of Tennessee, Knoxville. Special Collections","Oahe Reservoir, South Dakota",Dr. William M. Bass III Collection, MS.3689,"The University of Tennessee Libraries, Knoxville",http://digital.lib.utk.edu/mpds/data/bass/0012_003602_000230/0012_003602_000230_0001.jpg.t.jpg,2015-01-08T02:57:30Z
0012_003602_000237,39SL4,Sully Site,,,University of Kansas,,,National Park Service,,,,,,http://digital.lib.utk.edu/mpds/?ckey=bass&iid=2103,text,"1965, 1968, 1991",1965,1991,,"Bass Field Notes, 39SL4, 1965, 1968, 1991","The copyright interests in this item remain with the creator. For more information, contact Special Collections at special@utk.edu.","University of Tennessee, Knoxville. Special Collections","Sully County, South Dakota",Dr. William M. Bass III Collection, MS.3689,"The University of Tennessee Libraries, Knoxville",http://digital.lib.utk.edu/mpds/data/bass/0012_003602_000237/0012_003602_000237_0001.jpg.t.jpg,2015-01-08T02:57:30Z
0012_003602_000254,39WW2,Larson Site,,,Smithsonian Institution,,,,,,,,,http://digital.lib.utk.edu/mpds/?ckey=bass&iid=2120,text,1967,1967,,,"Bass Field Notes, 39WW2, 1967","The copyright interests in this item remain with the creator. For more information, contact Special Collections at special@utk.edu.","University of Tennessee, Knoxville. Special Collections","Larson Cemetery, Walworth County, South Dakota",Dr. William M. Bass III Collection, MS.3689,"The University of Tennessee Libraries, Knoxville",http://digital.lib.utk.edu/mpds/data/bass/0012_003602_000254/0012_003602_000254_0001.jpg.t.jpg,2015-01-08T02:57:30Z
0012_003602_000243,39WW1 (39CA4),Mobridge Site (Rygh Site),,,University of Kansas,,,,,,,,,http://digital.lib.utk.edu/mpds/?ckey=bass&iid=2109,text,1970,1970,,,"Bass Field Notes, 39WW1 (39CA4), 1970","The copyright interests in this item remain with the creator. For more information, contact Special Collections at special@utk.edu.","University of Tennessee, Knoxville. Special Collections",South Dakota,Dr. William M. Bass III Collection, MS.3689,"The University of Tennessee Libraries, Knoxville",http://digital.lib.utk.edu/mpds/data/bass/0012_003602_000243/0012_003602_000243_0001.jpg.t.jpg,2015-01-08T02:57:30Z
0012_003602_000206,39CA4,Rygh Site,,,University of Kansas,,,,,,,,,http://digital.lib.utk.edu/mpds/?ckey=bass&iid=2072,text,1964-1974,1964,1974,,"Bass Field Notes, 39CA4, 1964-1974","The copyright interests in this item remain with the creator. For more information, contact Special Collections at special@utk.edu.","University of Tennessee, Knoxville. Special Collections","Oahe Reservoir, South Dakota",Dr. William M. Bass III Collection, MS.3689,"The University of Tennessee Libraries, Knoxville",http://digital.lib.utk.edu/mpds/data/bass/0012_003602_000206/0012_003602_000206_0001.jpg.t.jpg,2015-01-08T02:57:30Z
0012_003602_000216,39CO9,Leavenworth Village Site,,,University of Kansas,,,,,,,,,http://digital.lib.utk.edu/mpds/?ckey=bass&iid=2082,text,1965 (circa),1965,,approximate,"Bass Field Notes, 39CO9, 1965 (circa)","The copyright interests in this item remain with the creator. For more information, contact Special Collections at special@utk.edu.","University of Tennessee, Knoxville. Special Collections","Leavenworth County, South Dakota",Dr. William M. Bass III Collection, MS.3689,"The University of Tennessee Libraries, Knoxville",http://digital.lib.utk.edu/mpds/data/bass/0012_003602_000216/0012_003602_000216_0001.jpg.t.jpg,2015-01-08T02:57:30Z
0012_003602_000226,39SL4,Sully Site,,,Smithsonian Institution,,,,,,,,,http://digital.lib.utk.edu/mpds/?ckey=bass&iid=2092,text,1956-1958,1956,1958,,"Bass Field Notes, 39SL4, 1956-1958","The copyright interests in this item remain with the creator. For more information, contact Special Collections at special@utk.edu.","University of Tennessee, Knoxville. Special Collections","Oahe Reservoir, South Dakota",Dr. William M. Bass III Collection, MS.3689,"The University of Tennessee Libraries, Knoxville",http://digital.lib.utk.edu/mpds/data/bass/0012_003602_000226/0012_003602_000226_0001.jpg.t.jpg,2015-01-08T02:57:30Z
0012_003602_000267,MBP:  39SL4,Sully Site,,,Smithsonian Institution,,,,,,,,,http://digital.lib.utk.edu/mpds/?ckey=bass&iid=2131,text,1968,1968,,,"Bass Field Notes, MBP:  39SL4, 1968","The copyright interests in this item remain with the creator. For more information, contact Special Collections at special@utk.edu.","University of Tennessee, Knoxville. Special Collections",South Dakota,Dr. William M. Bass III Collection, MS.3689,"The University of Tennessee Libraries, Knoxville",http://digital.lib.utk.edu/mpds/data/bass/0012_003602_000267/0012_003602_000267_0001.jpg.t.jpg,2015-01-08T02:57:30Z
0012_003602_000213,39CA4 (39BF225-256),Rygh Site (Sitting Crow Site),,,Smithsonian Institution,,,,,,,,,http://digital.lib.utk.edu/mpds/?ckey=bass&iid=2079,text,undated,,,,"Bass Field Notes, 39CA4 (39BF225-256), undated","The copyright interests in this item remain with the creator. For more information, contact Special Collections at special@utk.edu.","University of Tennessee, Knoxville. Special Collections","Buffalo County, South Dakota",Dr. William M. Bass III Collection, MS.3689,"The University of Tennessee Libraries, Knoxville",http://digital.lib.utk.edu/mpds/data/bass/0012_003602_000213/0012_003602_000213_0001.jpg.t.jpg,2015-01-08T02:57:30Z
0012_003602_000250,39WW2,Larson Site,,,University of Kansas,,,,,,,,,http://digital.lib.utk.edu/mpds/?ckey=bass&iid=2116,text,1966,1966,,,"Bass Field Notes, 39WW2, 1966","The copyright interests in this item remain with the creator. For more information, contact Special Collections at special@utk.edu.","University of Tennessee, Knoxville. Special Collections","Larson Cemetery, Walworth County, South Dakota",Dr. William M. Bass III Collection, MS.3689,"The University of Tennessee Libraries, Knoxville",http://digital.lib.utk.edu/mpds/data/bass/0012_003602_000250/0012_003602_000250_0001.jpg.t.jpg,2015-01-08T02:57:30Z
0012_003602_000202,14MD401,Meade Site,,,,,,,,,,,,http://digital.lib.utk.edu/mpds/?ckey=bass&iid=2068,text,1970 October 18,1970-10-18,,,"Bass Field Notes, 14MD401, 1970 October 18","The copyright interests in this item remain with the creator. For more information, contact Special Collections at special@utk.edu.","University of Tennessee, Knoxville. Special Collections","Fowler, Kansas",Dr. William M. Bass III Collection, MS.3689,"The University of Tennessee Libraries, Knoxville",http://digital.lib.utk.edu/mpds/data/bass/0012_003602_000202/0012_003602_000202_0001.jpg.t.jpg,2015-01-08T02:57:30Z
0012_003602_000214,39CA4 (39CO9),Rygh Site (Leavenworth Village Site),,,University of Kansas,,,,,,,,,http://digital.lib.utk.edu/mpds/?ckey=bass&iid=2080,text,undated,,,,"Bass Field Notes, 39CA4 (39CO9), undated","The copyright interests in this item remain with the creator. For more information, contact Special Collections at special@utk.edu.","University of Tennessee, Knoxville. Special Collections","Corson County, South Dakota",Dr. William M. Bass III Collection, MS.3689,"The University of Tennessee Libraries, Knoxville",http://digital.lib.utk.edu/mpds/data/bass/0012_003602_000214/0012_003602_000214_0001.jpg.t.jpg,2015-01-08T02:57:30Z
0012_003602_000246,39WW2,Larson Site,,,University of Kansas,,,,,,,,,http://digital.lib.utk.edu/mpds/?ckey=bass&iid=2112,text,1966-1968,1966,1968,,"Bass Field Notes, 39WW2, 1966-1968","The copyright interests in this item remain with the creator. For more information, contact Special Collections at special@utk.edu.","University of Tennessee, Knoxville. Special Collections",South Dakota,Dr. William M. Bass III Collection, MS.3689,"The University of Tennessee Libraries, Knoxville",http://digital.lib.utk.edu/mpds/data/bass/0012_003602_000246/0012_003602_000246_0001.jpg.t.jpg,2015-01-08T02:57:30Z
0012_003602_000209,39CA4,Rygh Site,,,Smithsonian Institution,,,,,,,,,http://digital.lib.utk.edu/mpds/?ckey=bass&iid=2075,text,1965-1966,1965,1966,,"Bass Field Notes, 39CA4, 1965-1966","The copyright interests in this item remain with the creator. For more information, contact Special Collections at special@utk.edu.","University of Tennessee, Knoxville. Special Collections","Oahe Reservoir, South Dakota",Dr. William M. Bass III Collection, MS.3689,"The University of Tennessee Libraries, Knoxville",http://digital.lib.utk.edu/mpds/data/bass/0012_003602_000209/0012_003602_000209_0001.jpg.t.jpg,2015-01-08T02:57:30Z
0012_003602_000248,39WW2,Larson Site,,,Smithsonian Institution,,,,,,,,,http://digital.lib.utk.edu/mpds/?ckey=bass&iid=2114,text,1977 July,1977-07,,,"Bass Field Notes, 39WW2, 1977 July","The copyright interests in this item remain with the creator. For more information, contact Special Collections at special@utk.edu.","University of Tennessee, Knoxville. Special Collections","Larson Cemetery, Walworth County, South Dakota",Dr. William M. Bass III Collection, MS.3689,"The University of Tennessee Libraries, Knoxville",http://digital.lib.utk.edu/mpds/data/bass/0012_003602_000248/0012_003602_000248_0001.jpg.t.jpg,2015-01-08T02:57:30Z
0012_003602_000235,39SL4 (48NO201),Sully Site (Agate Basin Site),,,University of Kansas,,,Smithsonian Institution,,,,,,http://digital.lib.utk.edu/mpds/?ckey=bass&iid=2101,text,"1958, 1961-1962",1958,1962,,"Bass Field Notes, 39SL4 (48NO201), 1958, 1961-1962","The copyright interests in this item remain with the creator. For more information, contact Special Collections at special@utk.edu.","University of Tennessee, Knoxville. Special Collections","Sully County, South Dakota (Agate Basin, Wyoming)",Dr. William M. Bass III Collection, MS.3689,"The University of Tennessee Libraries, Knoxville",http://digital.lib.utk.edu/mpds/data/bass/0012_003602_000235/0012_003602_000235_0001.jpg.t.jpg,2015-01-08T02:57:30Z
0012_003602_000207,39CA4,Rygh Site,,,University of Idaho,,,University of Kansas,,,,,,http://digital.lib.utk.edu/mpds/?ckey=bass&iid=2073,text,1964-1974,1964,1974,,"Bass Field Notes, 39CA4, 1964-1974","The copyright interests in this item remain with the creator. For more information, contact Special Collections at special@utk.edu.","University of Tennessee, Knoxville. Special Collections","Oahe Reservoir, South Dakota",Dr. William M. Bass III Collection, MS.3689,"The University of Tennessee Libraries, Knoxville",http://digital.lib.utk.edu/mpds/data/bass/0012_003602_000207/0012_003602_000207_0001.jpg.t.jpg,2015-01-08T02:57:30Z
0012_003602_000272,MBP:  39SL4,Sully Site,,,Smithsonian Institution,,,,,,,,,http://digital.lib.utk.edu/mpds/?ckey=bass&iid=2136,text,1963 (summer),1963-22,,,"Bass Field Notes, MBP:  39SL4, 1963 (summer)","The copyright interests in this item remain with the creator. For more information, contact Special Collections at special@utk.edu.","University of Tennessee, Knoxville. Special Collections","Sully County, South Dakota",Dr. William M. Bass III Collection, MS.3689,"The University of Tennessee Libraries, Knoxville",http://digital.lib.utk.edu/mpds/data/bass/0012_003602_000272/0012_003602_000272_0001.jpg.t.jpg,2015-01-08T02:57:30Z
0012_003602_000266,MBP:  39WW2,Larson Site,,,University of Kansas,,,Smithsonian Institution,,,,,,http://digital.lib.utk.edu/mpds/?ckey=bass&iid=2130,text,1967,1967,,,"Bass Field Notes, MBP:  39WW2, 1967","The copyright interests in this item remain with the creator. For more information, contact Special Collections at special@utk.edu.","University of Tennessee, Knoxville. Special Collections","Larson Cemetery, South Dakota",Dr. William M. Bass III Collection, MS.3689,"The University of Tennessee Libraries, Knoxville",http://digital.lib.utk.edu/mpds/data/bass/0012_003602_000266/0012_003602_000266_0001.jpg.t.jpg,2015-01-08T02:57:30Z
0012_003602_000245,39WW2,Larson Site,,,University of Kansas,,,University of Nebraska,,,,,,http://digital.lib.utk.edu/mpds/?ckey=bass&iid=2111,text,"1966-1967, 1976",1966,1976,,"Bass Field Notes, 39WW2, 1966-1967, 1976","The copyright interests in this item remain with the creator. For more information, contact Special Collections at special@utk.edu.","University of Tennessee, Knoxville. Special Collections","Larson Cemetery, South Dakota",Dr. William M. Bass III Collection, MS.3689,"The University of Tennessee Libraries, Knoxville",http://digital.lib.utk.edu/mpds/data/bass/0012_003602_000245/0012_003602_000245_0001.jpg.t.jpg,2015-01-08T02:57:30Z
0012_003602_000255,39WW2,Larson Site,,,Smithsonian Institution,,,,,,,,,http://digital.lib.utk.edu/mpds/?ckey=bass&iid=2121,text,1967,1967,,,"Bass Field Notes, 39WW2, 1967","The copyright interests in this item remain with the creator. For more information, contact Special Collections at special@utk.edu.","University of Tennessee, Knoxville. Special Collections","Larson Cemetery, Walworth County, South Dakota",Dr. William M. Bass III Collection, MS.3689,"The University of Tennessee Libraries, Knoxville",http://digital.lib.utk.edu/mpds/data/bass/0012_003602_000255/0012_003602_000255_0001.jpg.t.jpg,2015-01-08T02:57:30Z
0012_003602_000257,39WW2,Larson Site,,,University of Kansas,,,Smithsonian Institution,,,,,,http://digital.lib.utk.edu/mpds/?ckey=bass&iid=2123,text,1973,1973,,,"Bass Field Notes, 39WW2, 1973","The copyright interests in this item remain with the creator. For more information, contact Special Collections at special@utk.edu.","University of Tennessee, Knoxville. Special Collections","Larson Cemetery, Walworth County, South Dakota",Dr. William M. Bass III Collection, MS.3689,"The University of Tennessee Libraries, Knoxville",http://digital.lib.utk.edu/mpds/data/bass/0012_003602_000257/0012_003602_000257_0001.jpg.t.jpg,2015-01-08T02:57:30Z
0012_003602_000232,39SL4,Sully Site,,,Smithsonian Institution,,,,,,,,,http://digital.lib.utk.edu/mpds/?ckey=bass&iid=2098,text,1958,1958,,,"Bass Field Notes, 39SL4, 1958","The copyright interests in this item remain with the creator. For more information, contact Special Collections at special@utk.edu.","University of Tennessee, Knoxville. Special Collections","Oahe Reservoir, South Dakota",Dr. William M. Bass III Collection, MS.3689,"The University of Tennessee Libraries, Knoxville",http://digital.lib.utk.edu/mpds/data/bass/0012_003602_000232/0012_003602_000232_0001.jpg.t.jpg,2015-01-08T02:57:30Z
